symbol	panels	version
AAAS	RGDI,RGDI+	RGDI+_v1,RGDI_v1,RGDI_v2
AARS1	RGDI,RGDI+	RGDI+_v1,RGDI_v1,RGDI_v2
AARS2	MITN	MITN_v1
AASS	RGDI,RGDI+	RGDI+_v1,RGDI_v1,RGDI_v2
ABAT	MITN,RGDI,RGDI+	MITN_v1,RGDI+_v1,RGDI_v2
ABCA2	RGDI,RGDI+	RGDI+_v1,RGDI_v2
ABCB7	MITN	MITN_v1
ABCC9	RGDI,RGDI+	RGDI+_v1,RGDI_v1,RGDI_v2
ABCD1	RGDI,RGDI+	RGDI+_v1,RGDI_v1,RGDI_v2
ABCD4	RGDI,RGDI+	RGDI+_v1,RGDI_v1,RGDI_v2
ABHD16A	RGDI,RGDI+	RGDI+_v1,RGDI_v2
ABHD5	RGDI,RGDI+	RGDI+_v1,RGDI_v1,RGDI_v2
ACAD9	MITN,RGDI,RGDI+	MITN_v1,RGDI+_v1,RGDI_v1,RGDI_v2
ACADM	RGDI,RGDI+	RGDI+_v1,RGDI_v1,RGDI_v2
ACADS	RGDI,RGDI+	RGDI+_v1,RGDI_v1,RGDI_v2
ACADSB	RGDI+	RGDI+_v1
ACADVL	MMG,RGDI+,RHAB	MMG_v1,RGDI+_v1,RHAB_v1
ACER3	RGDI+	RGDI+_v1
ACO2	MITN,RGDI,RGDI+	MITN_v1,RGDI+_v1,RGDI_v1,RGDI_v2
ACOX1	RGDI,RGDI+	RGDI+_v1,RGDI_v1,RGDI_v2
ACP5	RGDI+	RGDI+_v1
ACSL4	RGDI,RGDI+	RGDI+_v1,RGDI_v1,RGDI_v2
ACTA1	MMG,MYOC	MMG_v1,MYOC_v1
ACTA2	RGDI+	RGDI+_v1
ACTB	RGDI,RGDI+	RGDI+_v1,RGDI_v1,RGDI_v2
ACTG1	RGDI,RGDI+	RGDI+_v1,RGDI_v1,RGDI_v2
ACTL6A	RGDI,RGDI+	RGDI+_v1,RGDI_v1,RGDI_v2
ACTL6B	RGDI,RGDI+	RGDI+_v1,RGDI_v1,RGDI_v2
ACTN2	MMG,MYOC	MMG_v1,MYOC_v1
ACVR1	RGDI+	RGDI+_v1
ACY1	RGDI,RGDI+	RGDI+_v1,RGDI_v1,RGDI_v2
ADA	RGDI+	RGDI+_v1
ADAM22	RGDI,RGDI+	RGDI+_v1,RGDI_v2
ADAMTS10	RGDI+	RGDI+_v1
ADAR	RGDI,RGDI+	RGDI+_v1,RGDI_v1,RGDI_v2
ADARB1	RGDI,RGDI+	RGDI+_v1,RGDI_v2
ADAT3	RGDI,RGDI+	RGDI+_v1,RGDI_v1,RGDI_v2
ADD1	RGDI+	RGDI+_v1
ADD3	RGDI,RGDI+	RGDI+_v1,RGDI_v2
ADGRG1	RGDI,RGDI+	RGDI+_v1,RGDI_v1,RGDI_v2
ADK	RGDI,RGDI+	RGDI+_v1,RGDI_v1,RGDI_v2
ADNP	RGDI,RGDI+	RGDI+_v1,RGDI_v1,RGDI_v2
ADPRS	RGDI+	RGDI+_v1
ADSL	RGDI,RGDI+	RGDI+_v1,RGDI_v1,RGDI_v2
ADSS1	MMG,MYOC	MMG_v1,MYOC_v1
AFF2	RGDI,RGDI+	RGDI+_v1,RGDI_v1,RGDI_v2
AFF3	RGDI+	RGDI+_v1
AFF4	RGDI,RGDI+	RGDI+_v1,RGDI_v1,RGDI_v2
AFG3L2	MITN,RGDI	MITN_v1,RGDI_v1
AGA	RGDI,RGDI+	RGDI+_v1,RGDI_v1,RGDI_v2
AGAP1	RGDI+	RGDI+_v1
AGK	MITN	MITN_v1
AGL	MMG	MMG_v1
AGMO	RGDI+	RGDI+_v1
AGO1	RGDI,RGDI+	RGDI+_v1,RGDI_v2
AGO2	RGDI,RGDI+	RGDI+_v1,RGDI_v2
AGPS	RGDI,RGDI+	RGDI+_v1,RGDI_v1
AGRN	MMG,MYAC	MMG_v1,MYAC_v1
AGXT	RGDI+	RGDI+_v1
AHCY	RGDI,RGDI+	RGDI+_v1,RGDI_v2
AHDC1	RGDI,RGDI+	RGDI+_v1,RGDI_v1,RGDI_v2
AHI1	RGDI,RGDI+	RGDI+_v1,RGDI_v1,RGDI_v2
AIFM1	MITN,RGDI,RGDI+	MITN_v1,RGDI+_v1,RGDI_v1,RGDI_v2
AIMP1	RGDI,RGDI+	RGDI+_v1,RGDI_v1,RGDI_v2
AIMP2	RGDI+	RGDI+_v1
AIPL1	RGDI+	RGDI+_v1
AIRE	RGDI+	RGDI+_v1
AK2	RGDI+	RGDI+_v1
AKR1D1	RGDI+	RGDI+_v1
AKT1	RGDI+	RGDI+_v1
AKT3	RGDI,RGDI+	RGDI+_v1,RGDI_v1,RGDI_v2
ALAD	RGDI+	RGDI+_v1
ALDH18A1	RGDI,RGDI+	RGDI+_v1,RGDI_v1,RGDI_v2
ALDH3A2	RGDI,RGDI+	RGDI+_v1,RGDI_v1,RGDI_v2
ALDH4A1	RGDI,RGDI+	RGDI+_v1,RGDI_v1,RGDI_v2
ALDH5A1	RGDI,RGDI+	RGDI+_v1,RGDI_v1,RGDI_v2
ALDH7A1	RGDI,RGDI+	RGDI+_v1,RGDI_v1,RGDI_v2
ALDOA	RGDI+	RGDI+_v1
ALG1	RGDI,RGDI+	RGDI+_v1,RGDI_v1,RGDI_v2
ALG11	RGDI,RGDI+	RGDI+_v1,RGDI_v1,RGDI_v2
ALG12	RGDI,RGDI+	RGDI+_v1,RGDI_v1,RGDI_v2
ALG13	RGDI,RGDI+	RGDI+_v1,RGDI_v1,RGDI_v2
ALG14	RGDI+	RGDI+_v1
ALG3	RGDI,RGDI+	RGDI+_v1,RGDI_v1,RGDI_v2
ALG6	RGDI,RGDI+	RGDI+_v1,RGDI_v1,RGDI_v2
ALG8	RGDI,RGDI+	RGDI+_v1,RGDI_v1,RGDI_v2
ALG9	RGDI,RGDI+	RGDI+_v1,RGDI_v2
ALKBH8	RGDI,RGDI+	RGDI+_v1,RGDI_v1
ALMS1	RGDI,RGDI+	RGDI+_v1,RGDI_v1,RGDI_v2
ALPL	RGDI+	RGDI+_v1
ALX3	RGDI+	RGDI+_v1
AMER1	RGDI,RGDI+	RGDI+_v1,RGDI_v1,RGDI_v2
AMPD2	RGDI,RGDI+	RGDI+_v1,RGDI_v1,RGDI_v2
AMT	RGDI,RGDI+	RGDI+_v1,RGDI_v1,RGDI_v2
ANK2	RGDI,RGDI+	RGDI+_v1,RGDI_v2
ANK3	RGDI+	RGDI+_v1
ANKH	RGDI	RGDI_v1
ANKRD11	RGDI,RGDI+	RGDI+_v1,RGDI_v1,RGDI_v2
ANKRD17	RGDI,RGDI+	RGDI+_v1,RGDI_v2
ANO10	MITN	MITN_v1
ANO5	DYSM,MMG,RGDI+,RHAB	DYSM_v1,MMG_v1,RGDI+_v1,RHAB_v1
ANTXR1	RGDI+	RGDI+_v1
AP1B1	RGDI+	RGDI+_v1
AP1G1	RGDI,RGDI+	RGDI+_v1,RGDI_v2
AP1S1	RGDI,RGDI+	RGDI+_v1,RGDI_v1,RGDI_v2
AP1S2	RGDI,RGDI+	RGDI+_v1,RGDI_v1,RGDI_v2
AP2M1	RGDI,RGDI+	RGDI+_v1,RGDI_v1,RGDI_v2
AP2S1	RGDI+	RGDI+_v1
AP3B1	RGDI,RGDI+	RGDI+_v1,RGDI_v1,RGDI_v2
AP3B2	RGDI,RGDI+	RGDI+_v1,RGDI_v1,RGDI_v2
AP4B1	RGDI,RGDI+	RGDI+_v1,RGDI_v1,RGDI_v2
AP4E1	RGDI,RGDI+	RGDI+_v1,RGDI_v1,RGDI_v2
AP4M1	RGDI,RGDI+	RGDI+_v1,RGDI_v1,RGDI_v2
AP4S1	RGDI,RGDI+	RGDI+_v1,RGDI_v1,RGDI_v2
APC2	RGDI,RGDI+	RGDI+_v1,RGDI_v1,RGDI_v2
APTX	MITN	MITN_v1
ARCN1	RGDI,RGDI+	RGDI+_v1,RGDI_v1,RGDI_v2
ARF1	RGDI,RGDI+	RGDI+_v1,RGDI_v2
ARF3	RGDI+	RGDI+_v1
ARFGEF1	RGDI,RGDI+	RGDI+_v1,RGDI_v2
ARFGEF2	RGDI,RGDI+	RGDI+_v1,RGDI_v1,RGDI_v2
ARG1	RGDI,RGDI+	RGDI+_v1,RGDI_v1,RGDI_v2
ARHGAP35	RGDI+	RGDI+_v1
ARHGEF9	RGDI,RGDI+	RGDI+_v1,RGDI_v1,RGDI_v2
ARID1A	RGDI,RGDI+	RGDI+_v1,RGDI_v1,RGDI_v2
ARID1B	RGDI,RGDI+	RGDI+_v1,RGDI_v1,RGDI_v2
ARID2	RGDI,RGDI+	RGDI+_v1,RGDI_v1,RGDI_v2
ARL13B	RGDI,RGDI+	RGDI+_v1,RGDI_v1,RGDI_v2
ARL14EP	RGDI+	RGDI+_v1
ARL6	RGDI,RGDI+	RGDI+_v1,RGDI_v1,RGDI_v2
ARMC4	RGDI+	RGDI+_v1
ARMC9	RGDI,RGDI+	RGDI+_v1,RGDI_v1,RGDI_v2
ARSA	RGDI,RGDI+	RGDI+_v1,RGDI_v1,RGDI_v2
ARSB	RGDI,RGDI+	RGDI+_v1,RGDI_v1,RGDI_v2
ARSL	RGDI,RGDI+	RGDI+_v1,RGDI_v1,RGDI_v2
ARV1	RGDI,RGDI+	RGDI+_v1,RGDI_v1,RGDI_v2
ARX	RGDI,RGDI+	RGDI+_v1,RGDI_v1,RGDI_v2
ASAH1	RGDI,RGDI+	RGDI+_v1,RGDI_v1,RGDI_v2
ASCC3	RGDI+	RGDI+_v1
ASH1L	RGDI,RGDI+	RGDI+_v1,RGDI_v1,RGDI_v2
ASL	RGDI,RGDI+	RGDI+_v1,RGDI_v1,RGDI_v2
ASNS	RGDI,RGDI+	RGDI+_v1,RGDI_v1,RGDI_v2
ASPA	RGDI,RGDI+	RGDI+_v1,RGDI_v1,RGDI_v2
ASPM	RGDI,RGDI+	RGDI+_v1,RGDI_v1,RGDI_v2
ASS1	RGDI,RGDI+	RGDI+_v1,RGDI_v1,RGDI_v2
ASTN1	RGDI+	RGDI+_v1
ASXL1	RGDI,RGDI+	RGDI+_v1,RGDI_v1,RGDI_v2
ASXL2	RGDI,RGDI+	RGDI+_v1,RGDI_v1,RGDI_v2
ASXL3	RGDI,RGDI+	RGDI+_v1,RGDI_v1,RGDI_v2
ATAD1	RGDI,RGDI+	RGDI+_v1,RGDI_v2
ATAD3A	MITN,RGDI,RGDI+	MITN_v1,RGDI+_v1,RGDI_v1,RGDI_v2
ATG7	RGDI+	RGDI+_v1
ATIC	RGDI,RGDI+	RGDI+_v1,RGDI_v1,RGDI_v2
ATL1	RGDI	RGDI_v1
ATM	RGDI,RGDI+	RGDI+_v1,RGDI_v1,RGDI_v2
ATN1	RGDI,RGDI+	RGDI+_v1,RGDI_v1,RGDI_v2
ATP11A	RGDI+	RGDI+_v1
ATP13A2	RGDI,RGDI+	RGDI+_v1,RGDI_v1,RGDI_v2
ATP1A1	RGDI,RGDI+	RGDI+_v1,RGDI_v1,RGDI_v2
ATP1A2	RGDI,RGDI+	RGDI+_v1,RGDI_v2
ATP1A3	RGDI,RGDI+	RGDI+_v1,RGDI_v2
ATP2A1	MMG,MYOC	MMG_v1,MYOC_v1
ATP2B1	RGDI+	RGDI+_v1
ATP5F1D	MITN	MITN_v1
ATP5MD	MITN	MITN_v1
ATP6AP1	RGDI+	RGDI+_v1
ATP6AP2	RGDI,RGDI+	RGDI+_v1,RGDI_v1,RGDI_v2
ATP6V0A1	RGDI+	RGDI+_v1
ATP6V0A2	RGDI,RGDI+	RGDI+_v1,RGDI_v1,RGDI_v2
ATP6V0C	RGDI+	RGDI+_v1
ATP6V1A	RGDI,RGDI+	RGDI+_v1,RGDI_v1,RGDI_v2
ATP6V1B2	RGDI,RGDI+	RGDI+_v1,RGDI_v1,RGDI_v2
ATP7A	RGDI,RGDI+	RGDI+_v1,RGDI_v1,RGDI_v2
ATP8A2	RGDI,RGDI+	RGDI+_v1,RGDI_v1,RGDI_v2
ATP9A	RGDI,RGDI+	RGDI+_v1,RGDI_v2
ATPAF2	MITN	MITN_v1
ATR	RGDI,RGDI+	RGDI+_v1,RGDI_v1,RGDI_v2
ATRX	RGDI,RGDI+	RGDI+_v1,RGDI_v1,RGDI_v2
ATXN2L	RGDI+	RGDI+_v1
AUH	RGDI,RGDI+	RGDI+_v1,RGDI_v1,RGDI_v2
AUTS2	RGDI,RGDI+	RGDI+_v1,RGDI_v1,RGDI_v2
B3GALNT2	DYSM,MMG,RGDI,RGDI+	DYSM_v1,MMG_v1,RGDI+_v1,RGDI_v1,RGDI_v2
B3GALT6	RGDI+	RGDI+_v1
B3GLCT	RGDI,RGDI+	RGDI+_v1,RGDI_v1,RGDI_v2
B4GALNT1	RGDI,RGDI+	RGDI+_v1,RGDI_v1,RGDI_v2
B4GALT1	RGDI+	RGDI+_v1
B4GALT7	RGDI,RGDI+	RGDI+_v1,RGDI_v1,RGDI_v2
B4GAT1	DYSM,MMG	DYSM_v1,MMG_v1
B9D1	RGDI+	RGDI+_v1
B9D2	RGDI,RGDI+	RGDI+_v1,RGDI_v2
BAG3	DYSM,MMG	DYSM_v1,MMG_v1
BBS1	RGDI,RGDI+	RGDI+_v1,RGDI_v1,RGDI_v2
BBS10	RGDI,RGDI+	RGDI+_v1,RGDI_v1,RGDI_v2
BBS12	RGDI,RGDI+	RGDI+_v1,RGDI_v1,RGDI_v2
BBS2	RGDI,RGDI+	RGDI+_v1,RGDI_v1,RGDI_v2
BBS4	RGDI,RGDI+	RGDI+_v1,RGDI_v1,RGDI_v2
BBS5	RGDI,RGDI+	RGDI+_v1,RGDI_v1,RGDI_v2
BBS7	RGDI,RGDI+	RGDI+_v1,RGDI_v1,RGDI_v2
BBS9	RGDI,RGDI+	RGDI+_v1,RGDI_v1,RGDI_v2
BCAP31	RGDI,RGDI+	RGDI+_v1,RGDI_v1,RGDI_v2
BCAS3	RGDI,RGDI+	RGDI+_v1,RGDI_v2
BCKDHA	RGDI,RGDI+	RGDI+_v1,RGDI_v1,RGDI_v2
BCKDHB	RGDI,RGDI+	RGDI+_v1,RGDI_v1,RGDI_v2
BCKDK	RGDI,RGDI+	RGDI+_v1,RGDI_v1,RGDI_v2
BCL11A	RGDI,RGDI+	RGDI+_v1,RGDI_v1,RGDI_v2
BCL11B	RGDI,RGDI+	RGDI+_v1,RGDI_v1,RGDI_v2
BCOR	RGDI,RGDI+	RGDI+_v1,RGDI_v1,RGDI_v2
BCORL1	RGDI+	RGDI+_v1
BCS1L	MITN,RGDI,RGDI+	MITN_v1,RGDI+_v1,RGDI_v1,RGDI_v2
BICRA	RGDI,RGDI+	RGDI+_v1,RGDI_v2
BIN1	MMG,MYOC	MMG_v1,MYOC_v1
BLM	RGDI,RGDI+	RGDI+_v1,RGDI_v1,RGDI_v2
BLOC1S1	RGDI+	RGDI+_v1
BMP4	RGDI,RGDI+	RGDI+_v1,RGDI_v1,RGDI_v2
BOLA3	MITN,RGDI,RGDI+	MITN_v1,RGDI+_v1,RGDI_v1,RGDI_v2
BPTF	RGDI,RGDI+	RGDI+_v1,RGDI_v1,RGDI_v2
BRAF	RGDI,RGDI+	RGDI+_v1,RGDI_v1,RGDI_v2
BRAT1	RGDI,RGDI+	RGDI+_v1,RGDI_v1,RGDI_v2
BRD4	RGDI,RGDI+	RGDI+_v1,RGDI_v1,RGDI_v2
BRF1	RGDI,RGDI+	RGDI+_v1,RGDI_v1,RGDI_v2
BRPF1	RGDI,RGDI+	RGDI+_v1,RGDI_v1,RGDI_v2
BRSK2	RGDI,RGDI+	RGDI+_v1,RGDI_v1,RGDI_v2
BRWD3	RGDI,RGDI+	RGDI+_v1,RGDI_v1,RGDI_v2
BSCL2	RGDI,RGDI+	RGDI+_v1,RGDI_v1,RGDI_v2
BSND	RGDI+	RGDI+_v1
BTD	MITN,RGDI,RGDI+	MITN_v1,RGDI+_v1,RGDI_v1,RGDI_v2
BUB1B	RGDI,RGDI+	RGDI+_v1,RGDI_v1,RGDI_v2
BVES	DYSM,MMG	DYSM_v1,MMG_v1
C12orf4	RGDI,RGDI+	RGDI+_v1,RGDI_v1,RGDI_v2
C12orf57	RGDI,RGDI+	RGDI+_v1,RGDI_v1,RGDI_v2
C12orf65	RGDI,RGDI+	RGDI+_v1,RGDI_v1,RGDI_v2
C1QBP	MITN	MITN_v1
C2CD3	RGDI,RGDI+	RGDI+_v1,RGDI_v2
C8orf37	RGDI+	RGDI+_v1
CA2	RGDI,RGDI+	RGDI+_v1,RGDI_v1,RGDI_v2
CA5A	MITN	MITN_v1
CA8	RGDI,RGDI+	RGDI+_v1,RGDI_v1,RGDI_v2
CACNA1A	RGDI,RGDI+	RGDI+_v1,RGDI_v1,RGDI_v2
CACNA1B	RGDI,RGDI+	RGDI+_v1,RGDI_v1,RGDI_v2
CACNA1C	RGDI,RGDI+	RGDI+_v1,RGDI_v1,RGDI_v2
CACNA1D	RGDI,RGDI+	RGDI+_v1,RGDI_v1,RGDI_v2
CACNA1E	RGDI,RGDI+	RGDI+_v1,RGDI_v1,RGDI_v2
CACNA1G	RGDI,RGDI+	RGDI+_v1,RGDI_v1,RGDI_v2
CACNA1I	RGDI,RGDI+	RGDI+_v1,RGDI_v2
CACNA1S	HYPM,MMG,MYOC,RHAB	HYPM_v1,MMG_v1,MYOC_v1,RHAB_v1
CACNA2D1	RGDI+	RGDI+_v1
CACNA2D2	RGDI+	RGDI+_v1
CAD	RGDI,RGDI+	RGDI+_v1,RGDI_v1,RGDI_v2
CAMK2A	RGDI,RGDI+	RGDI+_v1,RGDI_v1,RGDI_v2
CAMK2B	RGDI,RGDI+	RGDI+_v1,RGDI_v1,RGDI_v2
CAMK2G	RGDI+	RGDI+_v1
CAMK4	RGDI,RGDI+	RGDI+_v1,RGDI_v2
CAMTA1	RGDI,RGDI+	RGDI+_v1,RGDI_v1,RGDI_v2
CAPN15	RGDI,RGDI+	RGDI+_v1,RGDI_v2
CAPN3	DYSM,MMG	DYSM_v1,MMG_v1
CAPZA2	RGDI+	RGDI+_v1
CARS1	RGDI,RGDI+	RGDI+_v1,RGDI_v1,RGDI_v2
CARS2	MITN,RGDI+	MITN_v1,RGDI+_v1
CASK	RGDI,RGDI+	RGDI+_v1,RGDI_v1,RGDI_v2
CASQ1	DYSM,MMG,MYOC	DYSM_v1,MMG_v1,MYOC_v1
CASR	RGDI+	RGDI+_v1
CAV3	DYSM,MMG,RHAB	DYSM_v1,MMG_v1,RHAB_v1
CBL	RGDI,RGDI+	RGDI+_v1,RGDI_v1,RGDI_v2
CBS	RGDI,RGDI+	RGDI+_v1,RGDI_v1,RGDI_v2
CC2D1A	RGDI,RGDI+	RGDI+_v1,RGDI_v1,RGDI_v2
CC2D2A	RGDI,RGDI+	RGDI+_v1,RGDI_v1,RGDI_v2
CCBE1	RGDI,RGDI+	RGDI+_v1,RGDI_v1,RGDI_v2
CCDC186	RGDI+	RGDI+_v1
CCDC22	RGDI,RGDI+	RGDI+_v1,RGDI_v1,RGDI_v2
CCDC32	RGDI+	RGDI+_v1
CCDC47	RGDI,RGDI+	RGDI+_v1,RGDI_v1,RGDI_v2
CCDC78	MMG,MYOC	MMG_v1,MYOC_v1
CCDC88A	RGDI+	RGDI+_v1
CCDC88C	RGDI,RGDI+	RGDI+_v1,RGDI_v1,RGDI_v2
CCND2	RGDI,RGDI+	RGDI+_v1,RGDI_v1,RGDI_v2
CD96	RGDI+	RGDI+_v1
CDC42	RGDI,RGDI+	RGDI+_v1,RGDI_v1,RGDI_v2
CDC42BPB	RGDI+	RGDI+_v1
CDC6	RGDI,RGDI+	RGDI+_v1,RGDI_v1,RGDI_v2
CDH11	RGDI,RGDI+	RGDI+_v1,RGDI_v1,RGDI_v2
CDH15	RGDI	RGDI_v1
CDH2	RGDI,RGDI+	RGDI+_v1,RGDI_v2
CDK10	RGDI,RGDI+	RGDI+_v1,RGDI_v1,RGDI_v2
CDK13	RGDI,RGDI+	RGDI+_v1,RGDI_v1,RGDI_v2
CDK16	RGDI+	RGDI+_v1
CDK19	RGDI,RGDI+	RGDI+_v1,RGDI_v2
CDK5RAP2	RGDI,RGDI+	RGDI+_v1,RGDI_v1,RGDI_v2
CDK8	RGDI,RGDI+	RGDI+_v1,RGDI_v1,RGDI_v2
CDK9	RGDI+	RGDI+_v1
CDKL5	RGDI,RGDI+	RGDI+_v1,RGDI_v1,RGDI_v2
CDON	RGDI,RGDI+	RGDI+_v1,RGDI_v1,RGDI_v2
CELF2	RGDI+	RGDI+_v1
CENPF	RGDI,RGDI+	RGDI+_v1,RGDI_v1,RGDI_v2
CENPJ	RGDI,RGDI+	RGDI+_v1,RGDI_v1,RGDI_v2
CEP104	RGDI,RGDI+	RGDI+_v1,RGDI_v2
CEP120	RGDI,RGDI+	RGDI+_v1,RGDI_v2
CEP135	RGDI,RGDI+	RGDI+_v1,RGDI_v1,RGDI_v2
CEP152	RGDI,RGDI+	RGDI+_v1,RGDI_v1,RGDI_v2
CEP290	RGDI,RGDI+	RGDI+_v1,RGDI_v1,RGDI_v2
CEP41	RGDI,RGDI+	RGDI+_v1,RGDI_v1,RGDI_v2
CEP55	RGDI,RGDI+	RGDI+_v1,RGDI_v2
CEP57	RGDI,RGDI+	RGDI+_v1,RGDI_v1,RGDI_v2
CEP63	RGDI+	RGDI+_v1
CEP83	RGDI,RGDI+	RGDI+_v1,RGDI_v1,RGDI_v2
CEP85L	RGDI,RGDI+	RGDI+_v1,RGDI_v2
CERT1	RGDI,RGDI+	RGDI+_v1,RGDI_v1,RGDI_v2
CFL2	MMG,MYOC	MMG_v1,MYOC_v1
CHAMP1	RGDI,RGDI+	RGDI+_v1,RGDI_v1,RGDI_v2
CHAT	MMG,MYAC	MMG_v1,MYAC_v1
CHCHD10	MITN	MITN_v1
CHD1	RGDI+	RGDI+_v1
CHD2	RGDI,RGDI+	RGDI+_v1,RGDI_v1,RGDI_v2
CHD3	RGDI,RGDI+	RGDI+_v1,RGDI_v1,RGDI_v2
CHD4	RGDI,RGDI+	RGDI+_v1,RGDI_v1,RGDI_v2
CHD5	RGDI,RGDI+	RGDI+_v1,RGDI_v2
CHD7	RGDI,RGDI+	RGDI+_v1,RGDI_v1,RGDI_v2
CHD8	RGDI,RGDI+	RGDI+_v1,RGDI_v1,RGDI_v2
CHKA	RGDI+	RGDI+_v1
CHKB	DYSM,MMG,RGDI,RGDI+	DYSM_v1,MMG_v1,RGDI+_v1,RGDI_v1,RGDI_v2
CHL1	RGDI+	RGDI+_v1
CHMP1A	RGDI,RGDI+	RGDI+_v1,RGDI_v1,RGDI_v2
CHRM1	RGDI+	RGDI+_v1
CHRNA1	MMG,MYAC	MMG_v1,MYAC_v1
CHRNB1	MMG,MYAC	MMG_v1,MYAC_v1
CHRND	MMG,MYAC	MMG_v1,MYAC_v1
CHRNE	MMG,MYAC	MMG_v1,MYAC_v1
CHST14	RGDI+	RGDI+_v1
CIC	RGDI,RGDI+	RGDI+_v1,RGDI_v1,RGDI_v2
CIT	RGDI,RGDI+	RGDI+_v1,RGDI_v1,RGDI_v2
CKAP2L	RGDI,RGDI+	RGDI+_v1,RGDI_v1,RGDI_v2
CLCN2	RGDI+	RGDI+_v1
CLCN3	RGDI,RGDI+	RGDI+_v1,RGDI_v2
CLCN4	RGDI,RGDI+	RGDI+_v1,RGDI_v1,RGDI_v2
CLN3	RGDI,RGDI+	RGDI+_v1,RGDI_v1,RGDI_v2
CLN5	RGDI,RGDI+	RGDI+_v1,RGDI_v1,RGDI_v2
CLN6	RGDI,RGDI+	RGDI+_v1,RGDI_v1,RGDI_v2
CLN8	RGDI,RGDI+	RGDI+_v1,RGDI_v1,RGDI_v2
CLP1	RGDI,RGDI+	RGDI+_v1,RGDI_v1,RGDI_v2
CLPB	MITN,RGDI,RGDI+	MITN_v1,RGDI+_v1,RGDI_v1,RGDI_v2
CLPP	MITN	MITN_v1
CLTC	RGDI,RGDI+	RGDI+_v1,RGDI_v1,RGDI_v2
CNKSR2	RGDI,RGDI+	RGDI+_v1,RGDI_v1,RGDI_v2
CNNM2	RGDI,RGDI+	RGDI+_v1,RGDI_v1,RGDI_v2
CNOT1	RGDI,RGDI+	RGDI+_v1,RGDI_v1,RGDI_v2
CNOT2	RGDI,RGDI+	RGDI+_v1,RGDI_v1,RGDI_v2
CNOT3	RGDI,RGDI+	RGDI+_v1,RGDI_v1,RGDI_v2
CNPY3	RGDI+	RGDI+_v1
CNTNAP1	RGDI,RGDI+	RGDI+_v1,RGDI_v2
CNTNAP2	RGDI,RGDI+	RGDI+_v1,RGDI_v1,RGDI_v2
COA6	MITN	MITN_v1
COA7	MITN	MITN_v1
COA8	MITN,RGDI,RGDI+	MITN_v1,RGDI+_v1,RGDI_v1,RGDI_v2
COASY	RGDI,RGDI+	RGDI+_v1,RGDI_v1,RGDI_v2
COG1	RGDI,RGDI+	RGDI+_v1,RGDI_v1,RGDI_v2
COG4	RGDI,RGDI+	RGDI+_v1,RGDI_v1,RGDI_v2
COG5	RGDI,RGDI+	RGDI+_v1,RGDI_v1,RGDI_v2
COG6	RGDI,RGDI+	RGDI+_v1,RGDI_v1,RGDI_v2
COG7	RGDI,RGDI+	RGDI+_v1,RGDI_v1,RGDI_v2
COG8	RGDI,RGDI+	RGDI+_v1,RGDI_v1,RGDI_v2
COL12A1	MMG,MYOC	MMG_v1,MYOC_v1
COL13A1	MMG,MYAC	MMG_v1,MYAC_v1
COL4A1	RGDI,RGDI+	RGDI+_v1,RGDI_v1,RGDI_v2
COL4A2	RGDI,RGDI+	RGDI+_v1,RGDI_v1,RGDI_v2
COL6A1	DYSM,MMG,MYOC	DYSM_v1,MMG_v1,MYOC_v1
COL6A2	DYSM,MMG,MYOC	DYSM_v1,MMG_v1,MYOC_v1
COL6A3	DYSM,MMG,MYOC	DYSM_v1,MMG_v1,MYOC_v1
COLEC11	RGDI,RGDI+	RGDI+_v1,RGDI_v1,RGDI_v2
COLQ	MMG,MYAC	MMG_v1,MYAC_v1
COPB1	RGDI+	RGDI+_v1
COPB2	RGDI,RGDI+	RGDI+_v1,RGDI_v2
COQ2	MITN	MITN_v1
COQ4	MITN,RGDI,RGDI+	MITN_v1,RGDI+_v1,RGDI_v1,RGDI_v2
COQ6	MITN	MITN_v1
COQ7	MITN	MITN_v1
COQ8A	MITN,RGDI,RGDI+	MITN_v1,RGDI+_v1,RGDI_v1,RGDI_v2
COQ8B	MITN	MITN_v1
COQ9	MITN,RGDI+	MITN_v1,RGDI+_v1
COX10	MITN,RGDI,RGDI+	MITN_v1,RGDI+_v1,RGDI_v1,RGDI_v2
COX14	MITN	MITN_v1
COX15	MITN,RGDI,RGDI+	MITN_v1,RGDI+_v1,RGDI_v1,RGDI_v2
COX16	MITN	MITN_v1
COX20	MITN	MITN_v1
COX6A1	MITN	MITN_v1
COX6A2	MITN	MITN_v1
COX6B1	MITN,RGDI	MITN_v1,RGDI_v1
COX7B	MITN,RGDI+	MITN_v1,RGDI+_v1
CPE	RGDI,RGDI+	RGDI+_v1,RGDI_v2
CPLANE1	RGDI,RGDI+	RGDI+_v1,RGDI_v1,RGDI_v2
CPS1	RGDI,RGDI+	RGDI+_v1,RGDI_v1,RGDI_v2
CPSF3	RGDI+	RGDI+_v1
CPT2	MMG,RHAB	MMG_v1,RHAB_v1
CRADD	RGDI,RGDI+	RGDI+_v1,RGDI_v1,RGDI_v2
CRB2	RGDI,RGDI+	RGDI+_v1,RGDI_v1,RGDI_v2
CRBN	RGDI+	RGDI+_v1
CREBBP	RGDI,RGDI+	RGDI+_v1,RGDI_v1,RGDI_v2
CRPPA	DYSM,MMG,RGDI,RGDI+	DYSM_v1,MMG_v1,RGDI+_v1,RGDI_v1,RGDI_v2
CRYAB	DYSM,MMG	DYSM_v1,MMG_v1
CSDE1	RGDI,RGDI+	RGDI+_v1,RGDI_v1,RGDI_v2
CSNK1G1	RGDI,RGDI+	RGDI+_v1,RGDI_v2
CSNK2A1	RGDI,RGDI+	RGDI+_v1,RGDI_v1,RGDI_v2
CSNK2B	RGDI,RGDI+	RGDI+_v1,RGDI_v1,RGDI_v2
CSPP1	RGDI,RGDI+	RGDI+_v1,RGDI_v1,RGDI_v2
CSTB	RGDI,RGDI+	RGDI+_v1,RGDI_v1,RGDI_v2
CTBP1	RGDI,RGDI+	RGDI+_v1,RGDI_v1,RGDI_v2
CTC1	RGDI,RGDI+	RGDI+_v1,RGDI_v1
CTCF	RGDI,RGDI+	RGDI+_v1,RGDI_v1,RGDI_v2
CTDP1	RGDI,RGDI+	RGDI+_v1,RGDI_v1,RGDI_v2
CTNNA2	RGDI,RGDI+	RGDI+_v1,RGDI_v1,RGDI_v2
CTNNB1	RGDI,RGDI+	RGDI+_v1,RGDI_v1,RGDI_v2
CTNND1	RGDI,RGDI+	RGDI+_v1,RGDI_v2
CTSA	RGDI,RGDI+	RGDI+_v1,RGDI_v1,RGDI_v2
CTSD	RGDI,RGDI+	RGDI+_v1,RGDI_v1,RGDI_v2
CTU2	RGDI,RGDI+	RGDI+_v1,RGDI_v2
CUL3	RGDI+	RGDI+_v1
CUL4B	RGDI,RGDI+	RGDI+_v1,RGDI_v1,RGDI_v2
CUX1	RGDI,RGDI+	RGDI+_v1,RGDI_v1,RGDI_v2
CUX2	RGDI,RGDI+	RGDI+_v1,RGDI_v1,RGDI_v2
CWC27	RGDI,RGDI+	RGDI+_v1,RGDI_v1,RGDI_v2
CWF19L1	RGDI,RGDI+	RGDI+_v1,RGDI_v1,RGDI_v2
CXorf56	RGDI,RGDI+	RGDI+_v1,RGDI_v2
CYB5R3	RGDI,RGDI+	RGDI+_v1,RGDI_v1,RGDI_v2
CYC1	MITN,RGDI,RGDI+	MITN_v1,RGDI+_v1,RGDI_v1,RGDI_v2
CYFIP2	RGDI,RGDI+	RGDI+_v1,RGDI_v1,RGDI_v2
CYP2U1	RGDI,RGDI+	RGDI+_v1,RGDI_v1
D2HGDH	RGDI,RGDI+	RGDI+_v1,RGDI_v1,RGDI_v2
DAG1	DYSM,MMG,RGDI,RGDI+	DYSM_v1,MMG_v1,RGDI+_v1,RGDI_v1,RGDI_v2
DARS1	RGDI,RGDI+	RGDI+_v1,RGDI_v1,RGDI_v2
DARS2	MITN,RGDI,RGDI+	MITN_v1,RGDI+_v1,RGDI_v1,RGDI_v2
DBT	RGDI,RGDI+	RGDI+_v1,RGDI_v1,RGDI_v2
DCAF17	RGDI,RGDI+	RGDI+_v1,RGDI_v1,RGDI_v2
DCHS1	RGDI,RGDI+	RGDI+_v1,RGDI_v1,RGDI_v2
DCPS	RGDI,RGDI+	RGDI+_v1,RGDI_v1,RGDI_v2
DCX	RGDI,RGDI+	RGDI+_v1,RGDI_v1,RGDI_v2
DDB1	RGDI,RGDI+	RGDI+_v1,RGDI_v2
DDC	RGDI,RGDI+	RGDI+_v1,RGDI_v1,RGDI_v2
DDHD2	RGDI,RGDI+	RGDI+_v1,RGDI_v1,RGDI_v2
DDOST	RGDI,RGDI+	RGDI+_v1,RGDI_v1
DDX11	RGDI,RGDI+	RGDI+_v1,RGDI_v1,RGDI_v2
DDX23	RGDI+	RGDI+_v1
DDX3X	RGDI,RGDI+	RGDI+_v1,RGDI_v1,RGDI_v2
DDX53	RGDI+	RGDI+_v1
DDX59	RGDI,RGDI+	RGDI+_v1,RGDI_v1,RGDI_v2
DDX6	RGDI,RGDI+	RGDI+_v1,RGDI_v1,RGDI_v2
DEAF1	RGDI,RGDI+	RGDI+_v1,RGDI_v1,RGDI_v2
DEGS1	RGDI,RGDI+	RGDI+_v1,RGDI_v1,RGDI_v2
DENND5A	RGDI+	RGDI+_v1
DEPDC5	RGDI,RGDI+	RGDI+_v1,RGDI_v1,RGDI_v2
DES	DYSM,MMG	DYSM_v1,MMG_v1
DGUOK	MITN	MITN_v1
DHCR24	RGDI,RGDI+	RGDI+_v1,RGDI_v1,RGDI_v2
DHCR7	RGDI,RGDI+	RGDI+_v1,RGDI_v1,RGDI_v2
DHDDS	RGDI,RGDI+	RGDI+_v1,RGDI_v1,RGDI_v2
DHFR	RGDI,RGDI+	RGDI+_v1,RGDI_v1,RGDI_v2
DHPS	RGDI,RGDI+	RGDI+_v1,RGDI_v1,RGDI_v2
DHTKD1	RGDI,RGDI+	RGDI+_v1,RGDI_v1,RGDI_v2
DHX30	RGDI,RGDI+	RGDI+_v1,RGDI_v1,RGDI_v2
DHX32	RGDI+	RGDI+_v1
DHX37	RGDI,RGDI+	RGDI+_v1,RGDI_v2
DIAPH1	RGDI,RGDI+	RGDI+_v1,RGDI_v1,RGDI_v2
DIS3L2	RGDI,RGDI+	RGDI+_v1,RGDI_v1,RGDI_v2
DKC1	RGDI,RGDI+	RGDI+_v1,RGDI_v1,RGDI_v2
DLAT	MITN,RGDI+	MITN_v1,RGDI+_v1
DLD	MITN,RGDI,RGDI+	MITN_v1,RGDI+_v1,RGDI_v1,RGDI_v2
DLG1	RGDI+	RGDI+_v1
DLG2	RGDI+	RGDI+_v1
DLG3	RGDI,RGDI+	RGDI+_v1,RGDI_v1,RGDI_v2
DLG4	RGDI,RGDI+	RGDI+_v1,RGDI_v2
DLL1	RGDI,RGDI+	RGDI+_v1,RGDI_v2
DMD	DYSM,MMG,RGDI,RGDI+,RHAB	DYSM_v1,MMG_v1,RGDI+_v1,RGDI_v1,RGDI_v2,RHAB_v1
DMPK	RGDI,RGDI+	RGDI+_v1,RGDI_v1,RGDI_v2
DMXL2	RGDI	RGDI_v1
DNA2	MITN	MITN_v1
DNAJB6	DYSM,MMG	DYSM_v1,MMG_v1
DNAJC12	RGDI,RGDI+	RGDI+_v1,RGDI_v1,RGDI_v2
DNAJC19	MITN,RGDI,RGDI+	MITN_v1,RGDI+_v1,RGDI_v1,RGDI_v2
DNAJC30	MITN	MITN_v1
DNM1	RGDI,RGDI+	RGDI+_v1,RGDI_v1,RGDI_v2
DNM1L	MITN,RGDI,RGDI+	MITN_v1,RGDI+_v1,RGDI_v2
DNM2	MITN,MMG,MYOC	MITN_v1,MMG_v1,MYOC_v1
DNMT3A	RGDI,RGDI+	RGDI+_v1,RGDI_v1,RGDI_v2
DNMT3B	RGDI,RGDI+	RGDI+_v1,RGDI_v1,RGDI_v2
DOCK3	RGDI,RGDI+	RGDI+_v1,RGDI_v1,RGDI_v2
DOCK6	RGDI,RGDI+	RGDI+_v1,RGDI_v1,RGDI_v2
DOCK7	RGDI,RGDI+	RGDI+_v1,RGDI_v1,RGDI_v2
DOCK8	RGDI,RGDI+	RGDI+_v1,RGDI_v1,RGDI_v2
DOHH	RGDI+	RGDI+_v1
DOK7	DYSM,MMG,MYAC,MYOC	DYSM_v1,MMG_v1,MYAC_v1,MYOC_v1
DOLK	RGDI,RGDI+	RGDI+_v1,RGDI_v1,RGDI_v2
DONSON	RGDI+	RGDI+_v1
DPAGT1	MMG,MYAC,RGDI,RGDI+	MMG_v1,MYAC_v1,RGDI+_v1,RGDI_v1,RGDI_v2
DPF2	RGDI,RGDI+	RGDI+_v1,RGDI_v1,RGDI_v2
DPH1	RGDI,RGDI+	RGDI+_v1,RGDI_v1,RGDI_v2
DPH2	RGDI+	RGDI+_v1
DPH5	RGDI+	RGDI+_v1
DPM1	RGDI,RGDI+	RGDI+_v1,RGDI_v1,RGDI_v2
DPM2	RGDI,RGDI+	RGDI+_v1,RGDI_v2
DPM3	DYSM,MMG	DYSM_v1,MMG_v1
DPP6	RGDI,RGDI+	RGDI+_v1,RGDI_v1,RGDI_v2
DPYD	RGDI,RGDI+	RGDI+_v1,RGDI_v1,RGDI_v2
DPYS	RGDI,RGDI+	RGDI+_v1,RGDI_v2
DPYSL5	RGDI,RGDI+	RGDI+_v1,RGDI_v2
DROSHA	RGDI+	RGDI+_v1
DTYMK	RGDI+	RGDI+_v1
DYM	RGDI,RGDI+	RGDI+_v1,RGDI_v1,RGDI_v2
DYNC1H1	RGDI,RGDI+	RGDI+_v1,RGDI_v1,RGDI_v2
DYNC1I2	RGDI+	RGDI+_v1
DYRK1A	RGDI,RGDI+	RGDI+_v1,RGDI_v1,RGDI_v2
DYSF	DYSM,MMG,RHAB	DYSM_v1,MMG_v1,RHAB_v1
EARS2	MITN,RGDI,RGDI+	MITN_v1,RGDI+_v1,RGDI_v2
EBF3	RGDI,RGDI+	RGDI+_v1,RGDI_v1,RGDI_v2
EBP	RGDI,RGDI+	RGDI+_v1,RGDI_v1,RGDI_v2
ECHS1	MITN	MITN_v1
EDEM3	RGDI+	RGDI+_v1
EED	RGDI,RGDI+	RGDI+_v1,RGDI_v1,RGDI_v2
EEF1A2	RGDI,RGDI+	RGDI+_v1,RGDI_v1,RGDI_v2
EEF1B2	RGDI+	RGDI+_v1
EFTUD2	RGDI,RGDI+	RGDI+_v1,RGDI_v1,RGDI_v2
EHMT1	RGDI,RGDI+	RGDI+_v1,RGDI_v1,RGDI_v2
EIF2AK2	RGDI,RGDI+	RGDI+_v1,RGDI_v2
EIF2AK3	RGDI,RGDI+	RGDI+_v1,RGDI_v1,RGDI_v2
EIF2S3	RGDI,RGDI+	RGDI+_v1,RGDI_v1,RGDI_v2
EIF3F	RGDI,RGDI+	RGDI+_v1,RGDI_v1,RGDI_v2
EIF4A2	RGDI+	RGDI+_v1
EIF4A3	RGDI,RGDI+	RGDI+_v1,RGDI_v1,RGDI_v2
EIF5A	RGDI,RGDI+	RGDI+_v1,RGDI_v2
ELAC2	MITN,RGDI,RGDI+	MITN_v1,RGDI+_v1,RGDI_v1,RGDI_v2
ELOVL4	RGDI,RGDI+	RGDI+_v1,RGDI_v1,RGDI_v2
ELP2	RGDI,RGDI+	RGDI+_v1,RGDI_v1,RGDI_v2
EMC1	RGDI,RGDI+	RGDI+_v1,RGDI_v1,RGDI_v2
EMC10	RGDI,RGDI+	RGDI+_v1,RGDI_v2
EMD	DYSM,MMG	DYSM_v1,MMG_v1
EMG1	RGDI+	RGDI+_v1
EML1	RGDI,RGDI+	RGDI+_v1,RGDI_v1,RGDI_v2
EMX2	RGDI,RGDI+	RGDI+_v1,RGDI_v1,RGDI_v2
ENO3	MMG,RHAB	MMG_v1,RHAB_v1
ENTPD1	RGDI+	RGDI+_v1
EP300	RGDI,RGDI+	RGDI+_v1,RGDI_v1,RGDI_v2
EPG5	RGDI,RGDI+	RGDI+_v1,RGDI_v1,RGDI_v2
EPHA7	RGDI+	RGDI+_v1
ERBB4	RGDI,RGDI+	RGDI+_v1,RGDI_v2
ERCC1	RGDI,RGDI+	RGDI+_v1,RGDI_v1,RGDI_v2
ERCC2	RGDI,RGDI+	RGDI+_v1,RGDI_v1,RGDI_v2
ERCC3	RGDI,RGDI+	RGDI+_v1,RGDI_v1,RGDI_v2
ERCC5	RGDI,RGDI+	RGDI+_v1,RGDI_v1,RGDI_v2
ERCC6	RGDI,RGDI+	RGDI+_v1,RGDI_v1,RGDI_v2
ERCC6L2	RGDI,RGDI+	RGDI+_v1,RGDI_v1,RGDI_v2
ERCC8	RGDI,RGDI+	RGDI+_v1,RGDI_v1,RGDI_v2
ERGIC3	RGDI+	RGDI+_v1
ERLIN2	RGDI,RGDI+	RGDI+_v1,RGDI_v1,RGDI_v2
ERMARD	RGDI+	RGDI+_v1
ESCO2	RGDI,RGDI+	RGDI+_v1,RGDI_v1,RGDI_v2
ETFA	MMG,RGDI,RGDI+,RHAB	MMG_v1,RGDI+_v1,RGDI_v1,RGDI_v2,RHAB_v1
ETFB	MMG,RGDI,RGDI+,RHAB	MMG_v1,RGDI+_v1,RGDI_v1,RGDI_v2,RHAB_v1
ETFDH	MITN,MMG,RGDI,RGDI+,RHAB	MITN_v1,MMG_v1,RGDI+_v1,RGDI_v1,RGDI_v2,RHAB_v1
ETHE1	MITN,RGDI,RGDI+	MITN_v1,RGDI+_v1,RGDI_v1,RGDI_v2
EXOC2	RGDI+	RGDI+_v1
EXOC7	RGDI+	RGDI+_v1
EXOSC3	RGDI,RGDI+	RGDI+_v1,RGDI_v1,RGDI_v2
EXOSC8	RGDI+	RGDI+_v1
EXT2	RGDI,RGDI+	RGDI+_v1,RGDI_v2
EXTL3	RGDI,RGDI+	RGDI+_v1,RGDI_v1,RGDI_v2
EZH2	RGDI,RGDI+	RGDI+_v1,RGDI_v1,RGDI_v2
FA2H	RGDI	RGDI_v1
FAAH2	RGDI+	RGDI+_v1
FAM111A	RGDI,RGDI+	RGDI+_v1,RGDI_v1,RGDI_v2
FAM120C	RGDI+	RGDI+_v1
FAM126A	RGDI,RGDI+	RGDI+_v1,RGDI_v1,RGDI_v2
FAM20C	RGDI,RGDI+	RGDI+_v1,RGDI_v1,RGDI_v2
FAM50A	RGDI,RGDI+	RGDI+_v1,RGDI_v2
FANCA	RGDI+	RGDI+_v1
FANCC	RGDI+	RGDI+_v1
FANCD2	RGDI+	RGDI+_v1
FANCE	RGDI+	RGDI+_v1
FANCF	RGDI+	RGDI+_v1
FANCI	RGDI+	RGDI+_v1
FAR1	RGDI,RGDI+	RGDI+_v1,RGDI_v1,RGDI_v2
FARS2	MITN,RGDI,RGDI+	MITN_v1,RGDI+_v1,RGDI_v1,RGDI_v2
FARSA	RGDI,RGDI+	RGDI+_v1,RGDI_v2
FARSB	RGDI+	RGDI+_v1
FASTKD2	MITN	MITN_v1
FAT4	RGDI,RGDI+	RGDI+_v1,RGDI_v1,RGDI_v2
FBRSL1	RGDI,RGDI+	RGDI+_v1,RGDI_v2
FBXL3	RGDI,RGDI+	RGDI+_v1,RGDI_v1,RGDI_v2
FBXL4	MITN,RGDI,RGDI+	MITN_v1,RGDI+_v1,RGDI_v1,RGDI_v2
FBXO11	RGDI,RGDI+	RGDI+_v1,RGDI_v1,RGDI_v2
FBXO28	RGDI+	RGDI+_v1
FBXO31	RGDI,RGDI+	RGDI+_v1,RGDI_v2
FBXW11	RGDI,RGDI+	RGDI+_v1,RGDI_v1,RGDI_v2
FBXW7	RGDI+	RGDI+_v1
FCSK	RGDI+	RGDI+_v1
FDFT1	RGDI+	RGDI+_v1
FDX2	MITN	MITN_v1
FDXR	MITN	MITN_v1
FGD1	RGDI,RGDI+	RGDI+_v1,RGDI_v1,RGDI_v2
FGF12	RGDI,RGDI+	RGDI+_v1,RGDI_v1,RGDI_v2
FGF13	RGDI+	RGDI+_v1
FGF14	RGDI+	RGDI+_v1
FGFR2	RGDI+	RGDI+_v1
FH	MITN,RGDI,RGDI+	MITN_v1,RGDI+_v1,RGDI_v1,RGDI_v2
FHL1	DYSM,MMG	DYSM_v1,MMG_v1
FIBP	RGDI+	RGDI+_v1
FICD	RGDI+	RGDI+_v1
FIG4	RGDI,RGDI+	RGDI+_v1,RGDI_v1,RGDI_v2
FKBP14	MMG,MYOC	MMG_v1,MYOC_v1
FKRP	DYSM,MMG,RGDI,RGDI+,RHAB	DYSM_v1,MMG_v1,RGDI+_v1,RGDI_v1,RGDI_v2,RHAB_v1
FKTN	DYSM,MMG,RGDI,RGDI+,RHAB	DYSM_v1,MMG_v1,RGDI+_v1,RGDI_v1,RGDI_v2,RHAB_v1
FLAD1	MITN	MITN_v1
FLNA	RGDI,RGDI+	RGDI+_v1,RGDI_v1,RGDI_v2
FLNC	DYSM,MMG	DYSM_v1,MMG_v1
FLVCR1	RGDI	RGDI_v1
FLVCR2	RGDI,RGDI+	RGDI+_v1,RGDI_v1,RGDI_v2
FMN2	RGDI,RGDI+	RGDI+_v1,RGDI_v1,RGDI_v2
FMR1	RGDI,RGDI+	RGDI+_v1,RGDI_v1,RGDI_v2
FOLR1	RGDI,RGDI+	RGDI+_v1,RGDI_v1,RGDI_v2
FOSL2	RGDI+	RGDI+_v1
FOXG1	RGDI,RGDI+	RGDI+_v1,RGDI_v1,RGDI_v2
FOXP1	RGDI,RGDI+	RGDI+_v1,RGDI_v1,RGDI_v2
FOXP2	RGDI,RGDI+	RGDI+_v1,RGDI_v1,RGDI_v2
FOXP4	RGDI+	RGDI+_v1
FOXRED1	MITN,RGDI,RGDI+	MITN_v1,RGDI+_v1,RGDI_v1,RGDI_v2
FRAS1	RGDI+	RGDI+_v1
FREM2	RGDI+	RGDI+_v1
FRMPD4	RGDI,RGDI+	RGDI+_v1,RGDI_v1,RGDI_v2
FRRS1L	RGDI+	RGDI+_v1
FRY	RGDI+	RGDI+_v1
FTCD	RGDI,RGDI+	RGDI+_v1,RGDI_v1,RGDI_v2
FTSJ1	RGDI,RGDI+	RGDI+_v1,RGDI_v1,RGDI_v2
FUCA1	RGDI,RGDI+	RGDI+_v1,RGDI_v1,RGDI_v2
FUT8	RGDI,RGDI+	RGDI+_v1,RGDI_v1,RGDI_v2
GAA	DYSM,MMG	DYSM_v1,MMG_v1
GABBR2	RGDI,RGDI+	RGDI+_v1,RGDI_v1,RGDI_v2
GABRA1	RGDI,RGDI+	RGDI+_v1,RGDI_v1,RGDI_v2
GABRA2	RGDI,RGDI+	RGDI+_v1,RGDI_v1,RGDI_v2
GABRA5	RGDI,RGDI+	RGDI+_v1,RGDI_v1,RGDI_v2
GABRB2	RGDI,RGDI+	RGDI+_v1,RGDI_v1,RGDI_v2
GABRB3	RGDI,RGDI+	RGDI+_v1,RGDI_v1,RGDI_v2
GABRD	RGDI,RGDI+	RGDI+_v1,RGDI_v2
GABRG2	RGDI,RGDI+	RGDI+_v1,RGDI_v1,RGDI_v2
GAD1	RGDI,RGDI+	RGDI+_v1,RGDI_v2
GALC	RGDI,RGDI+	RGDI+_v1,RGDI_v1,RGDI_v2
GALE	RGDI,RGDI+	RGDI+_v1,RGDI_v1,RGDI_v2
GALNT2	RGDI,RGDI+	RGDI+_v1,RGDI_v2
GALT	RGDI,RGDI+	RGDI+_v1,RGDI_v1,RGDI_v2
GAMT	RGDI,RGDI+	RGDI+_v1,RGDI_v1,RGDI_v2
GARS1	MITN	MITN_v1
GATA6	RGDI+	RGDI+_v1
GATAD2B	RGDI,RGDI+	RGDI+_v1,RGDI_v1,RGDI_v2
GATC	MITN	MITN_v1
GATM	RGDI,RGDI+	RGDI+_v1,RGDI_v1,RGDI_v2
GBA2	RGDI+	RGDI+_v1
GBE1	MMG	MMG_v1
GCDH	RGDI,RGDI+	RGDI+_v1,RGDI_v1,RGDI_v2
GCH1	RGDI,RGDI+	RGDI+_v1,RGDI_v1,RGDI_v2
GDAP1	MITN	MITN_v1
GDI1	RGDI,RGDI+	RGDI+_v1,RGDI_v1,RGDI_v2
GEMIN4	RGDI+	RGDI+_v1
GEMIN5	RGDI,RGDI+	RGDI+_v1,RGDI_v2
GFAP	RGDI,RGDI+	RGDI+_v1,RGDI_v1,RGDI_v2
GFER	MITN,RGDI,RGDI+	MITN_v1,RGDI+_v1,RGDI_v1,RGDI_v2
GFM1	MITN,RGDI,RGDI+	MITN_v1,RGDI+_v1,RGDI_v1,RGDI_v2
GFM2	MITN	MITN_v1
GFPT1	MMG,MYAC	MMG_v1,MYAC_v1
GIGYF1	RGDI+	RGDI+_v1
GJB1	RGDI+	RGDI+_v1
GJB3	RGDI+	RGDI+_v1
GJC2	RGDI,RGDI+	RGDI+_v1,RGDI_v1,RGDI_v2
GK	RGDI,RGDI+	RGDI+_v1,RGDI_v1,RGDI_v2
GLB1	RGDI,RGDI+	RGDI+_v1,RGDI_v1,RGDI_v2
GLDC	RGDI,RGDI+	RGDI+_v1,RGDI_v1,RGDI_v2
GLI2	RGDI,RGDI+	RGDI+_v1,RGDI_v1,RGDI_v2
GLI3	RGDI,RGDI+	RGDI+_v1,RGDI_v1,RGDI_v2
GLIS3	RGDI,RGDI+	RGDI+_v1,RGDI_v1,RGDI_v2
GLRA2	RGDI+	RGDI+_v1
GLRX5	MITN	MITN_v1
GLS	RGDI+	RGDI+_v1
GLUL	RGDI,RGDI+	RGDI+_v1,RGDI_v1,RGDI_v2
GLYCTK	RGDI,RGDI+	RGDI+_v1,RGDI_v1,RGDI_v2
GM2A	RGDI,RGDI+	RGDI+_v1,RGDI_v1,RGDI_v2
GMNN	RGDI+	RGDI+_v1
GMPPA	RGDI,RGDI+	RGDI+_v1,RGDI_v1,RGDI_v2
GMPPB	DYSM,MMG,MYAC,RGDI,RGDI+	DYSM_v1,MMG_v1,MYAC_v1,RGDI+_v1,RGDI_v1,RGDI_v2
GNAI1	RGDI,RGDI+	RGDI+_v1,RGDI_v1,RGDI_v2
GNAI2	RGDI+	RGDI+_v1
GNAO1	RGDI,RGDI+	RGDI+_v1,RGDI_v1,RGDI_v2
GNAS	RGDI,RGDI+	RGDI+_v1,RGDI_v1,RGDI_v2
GNB1	RGDI,RGDI+	RGDI+_v1,RGDI_v1,RGDI_v2
GNB2	RGDI,RGDI+	RGDI+_v1,RGDI_v2
GNB5	RGDI,RGDI+	RGDI+_v1,RGDI_v1,RGDI_v2
GNE	DYSM,MMG,RGDI+	DYSM_v1,MMG_v1,RGDI+_v1
GNPAT	RGDI,RGDI+	RGDI+_v1,RGDI_v1,RGDI_v2
GNPTAB	RGDI,RGDI+	RGDI+_v1,RGDI_v1,RGDI_v2
GNPTG	RGDI,RGDI+	RGDI+_v1,RGDI_v1,RGDI_v2
GNS	RGDI,RGDI+	RGDI+_v1,RGDI_v1,RGDI_v2
GOT2	RGDI+	RGDI+_v1
GPAA1	RGDI,RGDI+	RGDI+_v1,RGDI_v1,RGDI_v2
GPC3	RGDI,RGDI+	RGDI+_v1,RGDI_v1,RGDI_v2
GPC4	RGDI,RGDI+	RGDI+_v1,RGDI_v2
GPSM2	RGDI,RGDI+	RGDI+_v1,RGDI_v1
GPT2	RGDI,RGDI+	RGDI+_v1,RGDI_v1,RGDI_v2
GRIA1	RGDI+	RGDI+_v1
GRIA2	RGDI,RGDI+	RGDI+_v1,RGDI_v1,RGDI_v2
GRIA3	RGDI,RGDI+	RGDI+_v1,RGDI_v1,RGDI_v2
GRIA4	RGDI,RGDI+	RGDI+_v1,RGDI_v1,RGDI_v2
GRID2	RGDI,RGDI+	RGDI+_v1,RGDI_v1,RGDI_v2
GRIK2	RGDI,RGDI+	RGDI+_v1,RGDI_v1,RGDI_v2
GRIN1	RGDI,RGDI+	RGDI+_v1,RGDI_v1,RGDI_v2
GRIN2A	RGDI,RGDI+	RGDI+_v1,RGDI_v1,RGDI_v2
GRIN2B	RGDI,RGDI+	RGDI+_v1,RGDI_v1,RGDI_v2
GRIN2D	RGDI,RGDI+	RGDI+_v1,RGDI_v1,RGDI_v2
GRM1	RGDI,RGDI+	RGDI+_v1,RGDI_v1,RGDI_v2
GSS	RGDI+	RGDI+_v1
GSX2	RGDI+	RGDI+_v1
GTF2E2	RGDI,RGDI+	RGDI+_v1,RGDI_v2
GTF2H5	RGDI,RGDI+	RGDI+_v1,RGDI_v1,RGDI_v2
GTF3C3	RGDI+	RGDI+_v1
GTPBP2	RGDI,RGDI+	RGDI+_v1,RGDI_v1,RGDI_v2
GTPBP3	MITN,RGDI,RGDI+	MITN_v1,RGDI+_v1,RGDI_v1,RGDI_v2
GUSB	RGDI,RGDI+	RGDI+_v1,RGDI_v1,RGDI_v2
GYG1	MMG	MMG_v1
H1-4	RGDI,RGDI+	RGDI+_v1,RGDI_v1,RGDI_v2
H3-3A	RGDI,RGDI+	RGDI+_v1,RGDI_v2
H3-3B	RGDI,RGDI+	RGDI+_v1,RGDI_v2
H4C11	RGDI+	RGDI+_v1
H4C3	RGDI,RGDI+	RGDI+_v1,RGDI_v2
HACE1	RGDI,RGDI+	RGDI+_v1,RGDI_v1,RGDI_v2
HADH	RGDI	RGDI_v1
HADHA	MMG,RGDI,RGDI+,RHAB	MMG_v1,RGDI+_v1,RGDI_v1,RGDI_v2,RHAB_v1
HADHB	MMG,RGDI+,RHAB	MMG_v1,RGDI+_v1,RHAB_v1
HARS1	RGDI+	RGDI+_v1
HARS2	MITN	MITN_v1
HCCS	MITN,RGDI,RGDI+	MITN_v1,RGDI+_v1,RGDI_v1,RGDI_v2
HCFC1	RGDI,RGDI+	RGDI+_v1,RGDI_v1,RGDI_v2
HCN1	RGDI,RGDI+	RGDI+_v1,RGDI_v1,RGDI_v2
HDAC4	RGDI,RGDI+	RGDI+_v1,RGDI_v1,RGDI_v2
HDAC8	RGDI,RGDI+	RGDI+_v1,RGDI_v1,RGDI_v2
HEATR3	RGDI+	RGDI+_v1
HEATR5B	RGDI+	RGDI+_v1
HECTD4	RGDI+	RGDI+_v1
HECW2	RGDI,RGDI+	RGDI+_v1,RGDI_v1,RGDI_v2
HEPACAM	RGDI,RGDI+	RGDI+_v1,RGDI_v1,RGDI_v2
HERC1	RGDI,RGDI+	RGDI+_v1,RGDI_v1,RGDI_v2
HERC2	RGDI,RGDI+	RGDI+_v1,RGDI_v2
HESX1	RGDI,RGDI+	RGDI+_v1,RGDI_v1,RGDI_v2
HEXA	RGDI,RGDI+	RGDI+_v1,RGDI_v1,RGDI_v2
HEXB	RGDI,RGDI+	RGDI+_v1,RGDI_v1,RGDI_v2
HGSNAT	RGDI,RGDI+	RGDI+_v1,RGDI_v1,RGDI_v2
HIBCH	MITN,RGDI,RGDI+	MITN_v1,RGDI+_v1,RGDI_v1,RGDI_v2
HID1	RGDI,RGDI+	RGDI+_v1,RGDI_v2
HINT1	RGDI+	RGDI+_v1
HIRA	RGDI+	RGDI+_v1
HIVEP2	RGDI,RGDI+	RGDI+_v1,RGDI_v1,RGDI_v2
HK1	RGDI,RGDI+	RGDI+_v1,RGDI_v1,RGDI_v2
HLCS	MITN,RGDI,RGDI+	MITN_v1,RGDI+_v1,RGDI_v1,RGDI_v2
HMGB1	RGDI+	RGDI+_v1
HMGCL	RGDI,RGDI+	RGDI+_v1,RGDI_v1,RGDI_v2
HNF1B	RGDI+	RGDI+_v1
HNMT	RGDI,RGDI+	RGDI+_v1,RGDI_v2
HNRNPD	RGDI+	RGDI+_v1
HNRNPDL	DYSM,MMG	DYSM_v1,MMG_v1
HNRNPH1	RGDI,RGDI+	RGDI+_v1,RGDI_v2
HNRNPH2	RGDI,RGDI+	RGDI+_v1,RGDI_v1,RGDI_v2
HNRNPK	RGDI,RGDI+	RGDI+_v1,RGDI_v1,RGDI_v2
HNRNPR	RGDI,RGDI+	RGDI+_v1,RGDI_v1,RGDI_v2
HNRNPU	RGDI,RGDI+	RGDI+_v1,RGDI_v1,RGDI_v2
HOXA1	RGDI,RGDI+	RGDI+_v1,RGDI_v1,RGDI_v2
HPD	RGDI,RGDI+	RGDI+_v1,RGDI_v1,RGDI_v2
HPDL	MITN,RGDI,RGDI+	MITN_v1,RGDI+_v1,RGDI_v2
HPRT1	RGDI,RGDI+	RGDI+_v1,RGDI_v1,RGDI_v2
HRAS	RGDI,RGDI+	RGDI+_v1,RGDI_v1,RGDI_v2
HS2ST1	RGDI+	RGDI+_v1
HSD17B10	MITN,RGDI,RGDI+	MITN_v1,RGDI+_v1,RGDI_v1,RGDI_v2
HSD17B4	RGDI,RGDI+	RGDI+_v1,RGDI_v1,RGDI_v2
HSPB8	MMG	MMG_v1
HSPD1	MITN,RGDI,RGDI+	MITN_v1,RGDI+_v1,RGDI_v1,RGDI_v2
HSPG2	RGDI+	RGDI+_v1
HTRA2	MITN,RGDI,RGDI+	MITN_v1,RGDI+_v1,RGDI_v1,RGDI_v2
HTT	RGDI+	RGDI+_v1
HUWE1	RGDI,RGDI+	RGDI+_v1,RGDI_v1,RGDI_v2
HYLS1	RGDI	RGDI_v1
IARS1	RGDI,RGDI+	RGDI+_v1,RGDI_v1,RGDI_v2
IARS2	MITN	MITN_v1
IBA57	MITN,RGDI,RGDI+	MITN_v1,RGDI+_v1,RGDI_v1,RGDI_v2
IDH2	RGDI,RGDI+	RGDI+_v1,RGDI_v1,RGDI_v2
IDH3A	MITN	MITN_v1
IDS	RGDI,RGDI+	RGDI+_v1,RGDI_v1,RGDI_v2
IDUA	RGDI,RGDI+	RGDI+_v1,RGDI_v1,RGDI_v2
IER3IP1	RGDI,RGDI+	RGDI+_v1,RGDI_v1,RGDI_v2
IFIH1	RGDI,RGDI+	RGDI+_v1,RGDI_v1,RGDI_v2
IFT172	RGDI,RGDI+	RGDI+_v1,RGDI_v1,RGDI_v2
IFT27	RGDI+	RGDI+_v1
IFT43	RGDI+	RGDI+_v1
IGF1	RGDI,RGDI+	RGDI+_v1,RGDI_v1,RGDI_v2
IGF1R	RGDI,RGDI+	RGDI+_v1,RGDI_v1,RGDI_v2
IKBKG	RGDI,RGDI+	RGDI+_v1,RGDI_v1,RGDI_v2
IL1RAPL1	RGDI,RGDI+	RGDI+_v1,RGDI_v1,RGDI_v2
IL1RAPL2	RGDI+	RGDI+_v1
IMPDH2	RGDI,RGDI+	RGDI+_v1,RGDI_v2
INPP4A	RGDI+	RGDI+_v1
INPP5E	RGDI,RGDI+	RGDI+_v1,RGDI_v1,RGDI_v2
INPP5K	DYSM,MMG,RGDI,RGDI+	DYSM_v1,MMG_v1,RGDI+_v1,RGDI_v1,RGDI_v2
INTS1	RGDI,RGDI+	RGDI+_v1,RGDI_v1,RGDI_v2
IQSEC1	RGDI+	RGDI+_v1
IQSEC2	RGDI,RGDI+	RGDI+_v1,RGDI_v1,RGDI_v2
IREB2	RGDI+	RGDI+_v1
IRF2BPL	RGDI,RGDI+	RGDI+_v1,RGDI_v1,RGDI_v2
IRX5	RGDI,RGDI+	RGDI+_v1,RGDI_v1,RGDI_v2
ISCA1	MITN	MITN_v1
ISCA2	MITN,RGDI+	MITN_v1,RGDI+_v1
ISCU	MITN	MITN_v1
ITFG2	RGDI+	RGDI+_v1
ITGA7	DYSM,MMG	DYSM_v1,MMG_v1
ITPA	RGDI,RGDI+	RGDI+_v1,RGDI_v1,RGDI_v2
ITPR1	RGDI,RGDI+	RGDI+_v1,RGDI_v1,RGDI_v2
IVD	RGDI,RGDI+	RGDI+_v1,RGDI_v1,RGDI_v2
JAKMIP1	RGDI+	RGDI+_v1
JAM3	RGDI,RGDI+	RGDI+_v1,RGDI_v1,RGDI_v2
JARID2	RGDI,RGDI+	RGDI+_v1,RGDI_v2
JMJD1C	RGDI+	RGDI+_v1
KANSL1	RGDI,RGDI+	RGDI+_v1,RGDI_v1,RGDI_v2
KARS1	MITN,RGDI,RGDI+	MITN_v1,RGDI+_v1,RGDI_v1,RGDI_v2
KAT5	RGDI,RGDI+	RGDI+_v1,RGDI_v2
KAT6A	RGDI,RGDI+	RGDI+_v1,RGDI_v1,RGDI_v2
KAT6B	RGDI,RGDI+	RGDI+_v1,RGDI_v1,RGDI_v2
KAT8	RGDI,RGDI+	RGDI+_v1,RGDI_v2
KATNB1	RGDI+	RGDI+_v1
KBTBD13	MMG,MYOC	MMG_v1,MYOC_v1
KCNA2	RGDI,RGDI+	RGDI+_v1,RGDI_v1,RGDI_v2
KCNB1	RGDI,RGDI+	RGDI+_v1,RGDI_v1,RGDI_v2
KCNC1	RGDI,RGDI+	RGDI+_v1,RGDI_v1,RGDI_v2
KCNC2	RGDI+	RGDI+_v1
KCNC3	RGDI,RGDI+	RGDI+_v1,RGDI_v1
KCND2	RGDI,RGDI+	RGDI+_v1,RGDI_v2
KCNH1	RGDI,RGDI+	RGDI+_v1,RGDI_v1,RGDI_v2
KCNJ10	RGDI,RGDI+	RGDI+_v1,RGDI_v1,RGDI_v2
KCNJ11	RGDI,RGDI+	RGDI+_v1,RGDI_v1,RGDI_v2
KCNJ6	RGDI,RGDI+	RGDI+_v1,RGDI_v1,RGDI_v2
KCNK4	RGDI+	RGDI+_v1
KCNK9	RGDI,RGDI+	RGDI+_v1,RGDI_v1,RGDI_v2
KCNMA1	RGDI,RGDI+	RGDI+_v1,RGDI_v2
KCNN2	RGDI,RGDI+	RGDI+_v1,RGDI_v2
KCNN3	RGDI,RGDI+	RGDI+_v1,RGDI_v2
KCNQ2	RGDI,RGDI+	RGDI+_v1,RGDI_v1,RGDI_v2
KCNQ3	RGDI,RGDI+	RGDI+_v1,RGDI_v1,RGDI_v2
KCNQ5	RGDI,RGDI+	RGDI+_v1,RGDI_v1,RGDI_v2
KCNT1	RGDI,RGDI+	RGDI+_v1,RGDI_v1,RGDI_v2
KCNT2	RGDI,RGDI+	RGDI+_v1,RGDI_v1,RGDI_v2
KCTD3	RGDI,RGDI+	RGDI+_v1,RGDI_v1,RGDI_v2
KCTD7	RGDI,RGDI+	RGDI+_v1,RGDI_v1,RGDI_v2
KDM1A	RGDI,RGDI+	RGDI+_v1,RGDI_v1,RGDI_v2
KDM3B	RGDI,RGDI+	RGDI+_v1,RGDI_v2
KDM4B	RGDI,RGDI+	RGDI+_v1,RGDI_v2
KDM5B	RGDI,RGDI+	RGDI+_v1,RGDI_v1,RGDI_v2
KDM5C	RGDI,RGDI+	RGDI+_v1,RGDI_v1,RGDI_v2
KDM6A	RGDI,RGDI+	RGDI+_v1,RGDI_v1,RGDI_v2
KDM6B	RGDI,RGDI+	RGDI+_v1,RGDI_v2
KIAA0586	RGDI,RGDI+	RGDI+_v1,RGDI_v1,RGDI_v2
KIAA1109	RGDI,RGDI+	RGDI+_v1,RGDI_v1,RGDI_v2
KIDINS220	RGDI,RGDI+	RGDI+_v1,RGDI_v1,RGDI_v2
KIF11	RGDI,RGDI+	RGDI+_v1,RGDI_v1,RGDI_v2
KIF14	RGDI,RGDI+	RGDI+_v1,RGDI_v1,RGDI_v2
KIF1A	RGDI,RGDI+	RGDI+_v1,RGDI_v1,RGDI_v2
KIF21B	RGDI,RGDI+	RGDI+_v1,RGDI_v2
KIF2A	RGDI,RGDI+	RGDI+_v1,RGDI_v1,RGDI_v2
KIF5A	RGDI,RGDI+	RGDI+_v1,RGDI_v1,RGDI_v2
KIF5C	RGDI,RGDI+	RGDI+_v1,RGDI_v1,RGDI_v2
KIF7	RGDI,RGDI+	RGDI+_v1,RGDI_v1,RGDI_v2
KIFBP	RGDI,RGDI+	RGDI+_v1,RGDI_v1,RGDI_v2
KLF7	RGDI,RGDI+	RGDI+_v1,RGDI_v2
KLHL15	RGDI+	RGDI+_v1
KLHL20	RGDI+	RGDI+_v1
KLHL40	MMG,MYOC	MMG_v1,MYOC_v1
KLHL41	MMG,MYOC	MMG_v1,MYOC_v1
KLHL7	RGDI,RGDI+	RGDI+_v1,RGDI_v1,RGDI_v2
KMT2A	RGDI,RGDI+	RGDI+_v1,RGDI_v1,RGDI_v2
KMT2B	RGDI+	RGDI+_v1
KMT2C	RGDI,RGDI+	RGDI+_v1,RGDI_v1,RGDI_v2
KMT2D	RGDI,RGDI+	RGDI+_v1,RGDI_v1,RGDI_v2
KMT2E	RGDI,RGDI+	RGDI+_v1,RGDI_v1,RGDI_v2
KMT5B	RGDI,RGDI+	RGDI+_v1,RGDI_v1,RGDI_v2
KNL1	RGDI,RGDI+	RGDI+_v1,RGDI_v1,RGDI_v2
KPTN	RGDI,RGDI+	RGDI+_v1,RGDI_v1,RGDI_v2
KRAS	RGDI,RGDI+	RGDI+_v1,RGDI_v1,RGDI_v2
L1CAM	RGDI,RGDI+	RGDI+_v1,RGDI_v1,RGDI_v2
L2HGDH	RGDI,RGDI+	RGDI+_v1,RGDI_v1,RGDI_v2
LAMA1	RGDI,RGDI+	RGDI+_v1,RGDI_v1,RGDI_v2
LAMA2	DYSM,MMG,RGDI,RGDI+	DYSM_v1,MMG_v1,RGDI+_v1,RGDI_v1,RGDI_v2
LAMB1	RGDI,RGDI+	RGDI+_v1,RGDI_v1,RGDI_v2
LAMB2	RGDI+	RGDI+_v1
LAMC3	RGDI,RGDI+	RGDI+_v1,RGDI_v1,RGDI_v2
LAMP2	DYSM,MMG,RGDI,RGDI+	DYSM_v1,MMG_v1,RGDI+_v1,RGDI_v1,RGDI_v2
LARGE1	DYSM,MMG,RGDI,RGDI+	DYSM_v1,MMG_v1,RGDI+_v1,RGDI_v1,RGDI_v2
LARP7	RGDI,RGDI+	RGDI+_v1,RGDI_v1,RGDI_v2
LARS1	RGDI,RGDI+	RGDI+_v1,RGDI_v2
LARS2	MITN,RGDI+	MITN_v1,RGDI+_v1
LAS1L	RGDI+	RGDI+_v1
LDB3	MMG	MMG_v1
LDHA	MMG,RHAB	MMG_v1,RHAB_v1
LGI4	RGDI	RGDI_v1
LIAS	MITN,RGDI,RGDI+	MITN_v1,RGDI+_v1,RGDI_v2
LIG4	RGDI,RGDI+	RGDI+_v1,RGDI_v1,RGDI_v2
LINGO1	RGDI+	RGDI+_v1
LINGO4	RGDI,RGDI+	RGDI+_v1,RGDI_v2
LINS1	RGDI,RGDI+	RGDI+_v1,RGDI_v1,RGDI_v2
LIPT1	MITN,RGDI,RGDI+	MITN_v1,RGDI+_v1,RGDI_v2
LIPT2	MITN,RGDI+	MITN_v1,RGDI+_v1
LLGL1	RGDI	RGDI_v1
LMAN2L	RGDI+	RGDI+_v1
LMBRD2	RGDI,RGDI+	RGDI+_v1,RGDI_v2
LMNA	DYSM,MMG,MYOC	DYSM_v1,MMG_v1,MYOC_v1
LMNB1	RGDI,RGDI+	RGDI+_v1,RGDI_v2
LMNB2	RGDI+	RGDI+_v1
LMOD3	MMG,MYOC	MMG_v1,MYOC_v1
LNPK	RGDI+	RGDI+_v1
LONP1	MITN,RGDI,RGDI+	MITN_v1,RGDI+_v1,RGDI_v1,RGDI_v2
LPIN1	MMG,RHAB	MMG_v1,RHAB_v1
LRP2	RGDI,RGDI+	RGDI+_v1,RGDI_v1,RGDI_v2
LRP4	MMG,MYAC	MMG_v1,MYAC_v1
LRPPRC	MITN,RGDI,RGDI+	MITN_v1,RGDI+_v1,RGDI_v1,RGDI_v2
LSS	RGDI,RGDI+	RGDI+_v1,RGDI_v2
LYRM7	MITN,RGDI,RGDI+	MITN_v1,RGDI+_v1,RGDI_v2
LZTFL1	RGDI+	RGDI+_v1
LZTR1	RGDI,RGDI+	RGDI+_v1,RGDI_v1,RGDI_v2
MAB21L1	RGDI,RGDI+	RGDI+_v1,RGDI_v1,RGDI_v2
MAB21L2	RGDI,RGDI+	RGDI+_v1,RGDI_v1,RGDI_v2
MACF1	RGDI,RGDI+	RGDI+_v1,RGDI_v1,RGDI_v2
MADD	RGDI,RGDI+	RGDI+_v1,RGDI_v2
MAF	RGDI,RGDI+	RGDI+_v1,RGDI_v1,RGDI_v2
MAGEL2	RGDI,RGDI+	RGDI+_v1,RGDI_v1,RGDI_v2
MAL	RGDI+	RGDI+_v1
MAN1B1	RGDI,RGDI+	RGDI+_v1,RGDI_v1,RGDI_v2
MAN2A2	RGDI+	RGDI+_v1
MAN2B1	RGDI,RGDI+	RGDI+_v1,RGDI_v1,RGDI_v2
MANBA	RGDI,RGDI+	RGDI+_v1,RGDI_v1,RGDI_v2
MAOA	RGDI,RGDI+	RGDI+_v1,RGDI_v1,RGDI_v2
MAP1B	RGDI,RGDI+	RGDI+_v1,RGDI_v2
MAP2K1	RGDI,RGDI+	RGDI+_v1,RGDI_v1,RGDI_v2
MAP2K2	RGDI,RGDI+	RGDI+_v1,RGDI_v1,RGDI_v2
MAP3K20	MMG,MYOC	MMG_v1,MYOC_v1
MAPK1	RGDI,RGDI+	RGDI+_v1,RGDI_v2
MAPK10	RGDI+	RGDI+_v1
MAPK8IP3	RGDI,RGDI+	RGDI+_v1,RGDI_v1,RGDI_v2
MAPKAPK5	RGDI+	RGDI+_v1
MAPRE2	RGDI,RGDI+	RGDI+_v1,RGDI_v2
MARS2	MITN	MITN_v1
MASP1	RGDI,RGDI+	RGDI+_v1,RGDI_v1,RGDI_v2
MAST1	RGDI,RGDI+	RGDI+_v1,RGDI_v1,RGDI_v2
MAT1A	RGDI,RGDI+	RGDI+_v1,RGDI_v1,RGDI_v2
MATR3	MMG	MMG_v1
MBD5	RGDI,RGDI+	RGDI+_v1,RGDI_v1,RGDI_v2
MBOAT7	RGDI,RGDI+	RGDI+_v1,RGDI_v1,RGDI_v2
MBTPS2	RGDI,RGDI+	RGDI+_v1,RGDI_v1,RGDI_v2
MCAT	MITN	MITN_v1
MCCC1	RGDI,RGDI+	RGDI+_v1,RGDI_v1,RGDI_v2
MCCC2	RGDI,RGDI+	RGDI+_v1,RGDI_v1,RGDI_v2
MCM3AP	RGDI,RGDI+	RGDI+_v1,RGDI_v1,RGDI_v2
MCOLN1	RGDI,RGDI+	RGDI+_v1,RGDI_v1,RGDI_v2
MCPH1	RGDI,RGDI+	RGDI+_v1,RGDI_v1,RGDI_v2
MDH2	MITN,RGDI,RGDI+	MITN_v1,RGDI+_v1,RGDI_v1,RGDI_v2
MECP2	RGDI,RGDI+	RGDI+_v1,RGDI_v1,RGDI_v2
MECR	MITN	MITN_v1
MED12	RGDI,RGDI+	RGDI+_v1,RGDI_v1,RGDI_v2
MED12L	RGDI+	RGDI+_v1
MED13	RGDI+	RGDI+_v1
MED13L	RGDI,RGDI+	RGDI+_v1,RGDI_v1,RGDI_v2
MED17	RGDI,RGDI+	RGDI+_v1,RGDI_v1,RGDI_v2
MED23	RGDI,RGDI+	RGDI+_v1,RGDI_v1,RGDI_v2
MED25	RGDI,RGDI+	RGDI+_v1,RGDI_v1,RGDI_v2
MED27	RGDI,RGDI+	RGDI+_v1,RGDI_v2
MEF2C	RGDI,RGDI+	RGDI+_v1,RGDI_v1,RGDI_v2
MEGF10	MMG,MYOC	MMG_v1,MYOC_v1
MEIS2	RGDI,RGDI+	RGDI+_v1,RGDI_v1,RGDI_v2
METTL23	RGDI,RGDI+	RGDI+_v1,RGDI_v1,RGDI_v2
METTL5	RGDI,RGDI+	RGDI+_v1,RGDI_v2
MFF	MITN,RGDI,RGDI+	MITN_v1,RGDI+_v1,RGDI_v1,RGDI_v2
MFN2	MITN	MITN_v1
MFSD2A	RGDI,RGDI+	RGDI+_v1,RGDI_v2
MFSD8	RGDI,RGDI+	RGDI+_v1,RGDI_v1,RGDI_v2
MGAT2	RGDI,RGDI+	RGDI+_v1,RGDI_v1,RGDI_v2
MGME1	MITN	MITN_v1
MGP	RGDI	RGDI_v1
MICOS13	MITN	MITN_v1
MICU1	MITN,RGDI,RGDI+	MITN_v1,RGDI+_v1,RGDI_v1,RGDI_v2
MID1	RGDI,RGDI+	RGDI+_v1,RGDI_v1,RGDI_v2
MINPP1	RGDI,RGDI+	RGDI+_v1,RGDI_v2
MIPEP	MITN	MITN_v1
MIR17HG	RGDI+	RGDI+_v1
MKKS	RGDI,RGDI+	RGDI+_v1,RGDI_v1,RGDI_v2
MKS1	RGDI,RGDI+	RGDI+_v1,RGDI_v1,RGDI_v2
MLC1	RGDI,RGDI+	RGDI+_v1,RGDI_v1,RGDI_v2
MLYCD	RGDI,RGDI+	RGDI+_v1,RGDI_v1,RGDI_v2
MMAA	RGDI,RGDI+	RGDI+_v1,RGDI_v1,RGDI_v2
MMAB	RGDI,RGDI+	RGDI+_v1,RGDI_v1,RGDI_v2
MMACHC	RGDI,RGDI+	RGDI+_v1,RGDI_v1,RGDI_v2
MMADHC	RGDI,RGDI+	RGDI+_v1,RGDI_v1,RGDI_v2
MMGT1	RGDI+	RGDI+_v1
MMUT	RGDI,RGDI+	RGDI+_v1,RGDI_v1,RGDI_v2
MN1	RGDI,RGDI+	RGDI+_v1,RGDI_v2
MOCS1	RGDI,RGDI+	RGDI+_v1,RGDI_v1,RGDI_v2
MOCS2	RGDI,RGDI+	RGDI+_v1,RGDI_v1,RGDI_v2
MOGS	RGDI,RGDI+	RGDI+_v1,RGDI_v1,RGDI_v2
MORC2	RGDI,RGDI+	RGDI+_v1,RGDI_v2
MPC1	MITN	MITN_v1
MPDU1	RGDI,RGDI+	RGDI+_v1,RGDI_v1,RGDI_v2
MPI	RGDI	RGDI_v1
MPLKIP	RGDI,RGDI+	RGDI+_v1,RGDI_v1,RGDI_v2
MPP5	RGDI,RGDI+	RGDI+_v1,RGDI_v2
MPV17	MITN,RGDI+	MITN_v1,RGDI+_v1
MRPL3	MITN	MITN_v1
MRPL44	MITN	MITN_v1
MRPS2	MITN	MITN_v1
MRPS22	MITN,RGDI,RGDI+	MITN_v1,RGDI+_v1,RGDI_v1,RGDI_v2
MRPS34	MITN,RGDI,RGDI+	MITN_v1,RGDI+_v1,RGDI_v1,RGDI_v2
MSL2	RGDI+	RGDI+_v1
MSL3	RGDI,RGDI+	RGDI+_v1,RGDI_v1,RGDI_v2
MSMO1	RGDI,RGDI+	RGDI+_v1,RGDI_v1,RGDI_v2
MSTO1	MITN	MITN_v1
MTFMT	MITN,RGDI,RGDI+	MITN_v1,RGDI+_v1,RGDI_v1,RGDI_v2
MTHFR	RGDI,RGDI+	RGDI+_v1,RGDI_v1,RGDI_v2
MTHFS	RGDI,RGDI+	RGDI+_v1,RGDI_v2
MTM1	DYSM,MMG,MYOC	DYSM_v1,MMG_v1,MYOC_v1
MTO1	MITN,RGDI,RGDI+	MITN_v1,RGDI+_v1,RGDI_v1,RGDI_v2
MTOR	RGDI,RGDI+	RGDI+_v1,RGDI_v1,RGDI_v2
MTPAP	MITN	MITN_v1
MTR	RGDI,RGDI+	RGDI+_v1,RGDI_v1,RGDI_v2
MTRR	RGDI,RGDI+	RGDI+_v1,RGDI_v1,RGDI_v2
MTSS2	RGDI+	RGDI+_v1
MUSK	MMG,MYAC	MMG_v1,MYAC_v1
MVK	RGDI,RGDI+	RGDI+_v1,RGDI_v1,RGDI_v2
MYBPC1	MMG,MYOC	MMG_v1,MYOC_v1
MYCBP2	RGDI+	RGDI+_v1
MYCN	RGDI,RGDI+	RGDI+_v1,RGDI_v1,RGDI_v2
MYH14	MMG	MMG_v1
MYH2	MMG,MYOC	MMG_v1,MYOC_v1
MYH7	DYSM,MMG,MYOC	DYSM_v1,MMG_v1,MYOC_v1
MYMK	MMG,MYOC	MMG_v1,MYOC_v1
MYO18B	MMG,MYOC	MMG_v1,MYOC_v1
MYO5A	RGDI,RGDI+	RGDI+_v1,RGDI_v1,RGDI_v2
MYOT	DYSM,MMG	DYSM_v1,MMG_v1
MYPN	MMG,MYOC	MMG_v1,MYOC_v1
MYT1L	RGDI,RGDI+	RGDI+_v1,RGDI_v1,RGDI_v2
NAA10	RGDI,RGDI+	RGDI+_v1,RGDI_v1,RGDI_v2
NAA15	RGDI,RGDI+	RGDI+_v1,RGDI_v1,RGDI_v2
NAA20	RGDI+	RGDI+_v1
NACC1	RGDI,RGDI+	RGDI+_v1,RGDI_v1,RGDI_v2
NADK2	MITN	MITN_v1
NAE1	RGDI+	RGDI+_v1
NAGA	RGDI,RGDI+	RGDI+_v1,RGDI_v1,RGDI_v2
NAGLU	RGDI,RGDI+	RGDI+_v1,RGDI_v1,RGDI_v2
NAGS	RGDI+	RGDI+_v1
NALCN	RGDI,RGDI+	RGDI+_v1,RGDI_v1,RGDI_v2
NANS	RGDI,RGDI+	RGDI+_v1,RGDI_v1,RGDI_v2
NARS1	RGDI,RGDI+	RGDI+_v1,RGDI_v2
NARS2	MITN	MITN_v1
NAXE	MITN	MITN_v1
NBAS	RGDI+	RGDI+_v1
NBEA	RGDI,RGDI+	RGDI+_v1,RGDI_v1,RGDI_v2
NCAPD2	RGDI+	RGDI+_v1
NCAPG2	RGDI+	RGDI+_v1
NCDN	RGDI,RGDI+	RGDI+_v1,RGDI_v2
NCKAP1	RGDI,RGDI+	RGDI+_v1,RGDI_v2
NDE1	RGDI,RGDI+	RGDI+_v1,RGDI_v1,RGDI_v2
NDP	RGDI,RGDI+	RGDI+_v1,RGDI_v1,RGDI_v2
NDST1	RGDI,RGDI+	RGDI+_v1,RGDI_v1,RGDI_v2
NDUFA1	MITN,RGDI,RGDI+	MITN_v1,RGDI+_v1,RGDI_v1,RGDI_v2
NDUFA10	MITN	MITN_v1
NDUFA11	MITN	MITN_v1
NDUFA12	MITN	MITN_v1
NDUFA13	MITN	MITN_v1
NDUFA2	MITN,RGDI,RGDI+	MITN_v1,RGDI+_v1,RGDI_v2
NDUFA4	MITN	MITN_v1
NDUFA6	MITN	MITN_v1
NDUFA9	MITN	MITN_v1
NDUFAF1	MITN,RGDI+	MITN_v1,RGDI+_v1
NDUFAF2	MITN,RGDI+	MITN_v1,RGDI+_v1
NDUFAF3	MITN	MITN_v1
NDUFAF4	MITN	MITN_v1
NDUFAF5	MITN,RGDI+	MITN_v1,RGDI+_v1
NDUFAF6	MITN	MITN_v1
NDUFAF8	MITN	MITN_v1
NDUFB11	MITN	MITN_v1
NDUFB3	MITN	MITN_v1
NDUFB8	MITN	MITN_v1
NDUFS1	MITN,RGDI,RGDI+	MITN_v1,RGDI+_v1,RGDI_v1,RGDI_v2
NDUFS2	MITN	MITN_v1
NDUFS3	MITN	MITN_v1
NDUFS4	MITN,RGDI,RGDI+	MITN_v1,RGDI+_v1,RGDI_v1,RGDI_v2
NDUFS6	MITN	MITN_v1
NDUFS7	MITN,RGDI,RGDI+	MITN_v1,RGDI+_v1,RGDI_v1,RGDI_v2
NDUFS8	MITN,RGDI,RGDI+	MITN_v1,RGDI+_v1,RGDI_v1,RGDI_v2
NDUFV1	MITN,RGDI,RGDI+	MITN_v1,RGDI+_v1,RGDI_v1,RGDI_v2
NDUFV2	MITN	MITN_v1
NEB	MMG,MYOC	MMG_v1,MYOC_v1
NECAP1	RGDI+	RGDI+_v1
NEDD4L	RGDI,RGDI+	RGDI+_v1,RGDI_v2
NEMF	RGDI,RGDI+	RGDI+_v1,RGDI_v2
NEU1	RGDI,RGDI+	RGDI+_v1,RGDI_v1,RGDI_v2
NEUROD2	RGDI,RGDI+	RGDI+_v1,RGDI_v2
NEXMIF	RGDI,RGDI+	RGDI+_v1,RGDI_v1,RGDI_v2
NF1	RGDI,RGDI+	RGDI+_v1,RGDI_v1,RGDI_v2
NFASC	RGDI,RGDI+	RGDI+_v1,RGDI_v1,RGDI_v2
NFIA	RGDI,RGDI+	RGDI+_v1,RGDI_v1,RGDI_v2
NFIB	RGDI+	RGDI+_v1
NFIX	RGDI,RGDI+	RGDI+_v1,RGDI_v1,RGDI_v2
NFU1	MITN,RGDI,RGDI+	MITN_v1,RGDI+_v1,RGDI_v1,RGDI_v2
NGLY1	RGDI,RGDI+	RGDI+_v1,RGDI_v1,RGDI_v2
NHP2	RGDI+	RGDI+_v1
NHS	RGDI,RGDI+	RGDI+_v1,RGDI_v1,RGDI_v2
NIPBL	RGDI,RGDI+	RGDI+_v1,RGDI_v1,RGDI_v2
NKAP	RGDI,RGDI+	RGDI+_v1,RGDI_v1,RGDI_v2
NKX2-1	RGDI,RGDI+	RGDI+_v1,RGDI_v1,RGDI_v2
NLGN3	RGDI,RGDI+	RGDI+_v1,RGDI_v1,RGDI_v2
NONO	RGDI,RGDI+	RGDI+_v1,RGDI_v1,RGDI_v2
NOVA2	RGDI,RGDI+	RGDI+_v1,RGDI_v2
NPC1	RGDI,RGDI+	RGDI+_v1,RGDI_v1,RGDI_v2
NPC2	RGDI,RGDI+	RGDI+_v1,RGDI_v1,RGDI_v2
NPHP1	RGDI,RGDI+	RGDI+_v1,RGDI_v1,RGDI_v2
NPHP3	RGDI+	RGDI+_v1
NR2F1	RGDI,RGDI+	RGDI+_v1,RGDI_v1,RGDI_v2
NR4A2	RGDI,RGDI+	RGDI+_v1,RGDI_v2
NRAS	RGDI,RGDI+	RGDI+_v1,RGDI_v1,RGDI_v2
NRCAM	RGDI+	RGDI+_v1
NRROS	RGDI,RGDI+	RGDI+_v1,RGDI_v2
NRXN1	RGDI,RGDI+	RGDI+_v1,RGDI_v1,RGDI_v2
NSD1	RGDI,RGDI+	RGDI+_v1,RGDI_v1,RGDI_v2
NSD2	RGDI,RGDI+	RGDI+_v1,RGDI_v1,RGDI_v2
NSDHL	RGDI,RGDI+	RGDI+_v1,RGDI_v1,RGDI_v2
NSRP1	RGDI+	RGDI+_v1
NSUN2	RGDI,RGDI+	RGDI+_v1,RGDI_v1,RGDI_v2
NSUN3	MITN	MITN_v1
NT5C2	RGDI,RGDI+	RGDI+_v1,RGDI_v1,RGDI_v2
NT5C3A	RGDI+	RGDI+_v1
NTNG2	RGDI,RGDI+	RGDI+_v1,RGDI_v1,RGDI_v2
NTRK1	RGDI,RGDI+	RGDI+_v1,RGDI_v1,RGDI_v2
NTRK2	RGDI,RGDI+	RGDI+_v1,RGDI_v1,RGDI_v2
NUBPL	MITN,RGDI,RGDI+	MITN_v1,RGDI+_v1,RGDI_v1,RGDI_v2
NUDT2	RGDI,RGDI+	RGDI+_v1,RGDI_v2
NUP107	RGDI+	RGDI+_v1
NUP188	RGDI+	RGDI+_v1
NUP214	RGDI+	RGDI+_v1
NUP62	RGDI+	RGDI+_v1
NUP85	RGDI+	RGDI+_v1
NUS1	RGDI,RGDI+	RGDI+_v1,RGDI_v2
NYX	RGDI+	RGDI+_v1
OCLN	RGDI,RGDI+	RGDI+_v1,RGDI_v1,RGDI_v2
OCRL	RGDI,RGDI+	RGDI+_v1,RGDI_v1,RGDI_v2
ODC1	RGDI,RGDI+	RGDI+_v1,RGDI_v1,RGDI_v2
OFD1	RGDI,RGDI+	RGDI+_v1,RGDI_v1,RGDI_v2
OGDH	RGDI+	RGDI+_v1
OGDHL	RGDI+	RGDI+_v1
OGT	RGDI,RGDI+	RGDI+_v1,RGDI_v1,RGDI_v2
OPA1	MITN	MITN_v1
OPA3	MITN,RGDI,RGDI+	MITN_v1,RGDI+_v1,RGDI_v1,RGDI_v2
OPHN1	RGDI,RGDI+	RGDI+_v1,RGDI_v1,RGDI_v2
ORAI1	DYSM,MMG,MYOC	DYSM_v1,MMG_v1,MYOC_v1
OSGEP	RGDI,RGDI+	RGDI+_v1,RGDI_v1,RGDI_v2
OTC	RGDI,RGDI+	RGDI+_v1,RGDI_v1,RGDI_v2
OTUD5	RGDI,RGDI+	RGDI+_v1,RGDI_v2
OTUD6B	RGDI,RGDI+	RGDI+_v1,RGDI_v1,RGDI_v2
OTX2	RGDI,RGDI+	RGDI+_v1,RGDI_v1,RGDI_v2
OXR1	RGDI,RGDI+	RGDI+_v1,RGDI_v2
P4HTM	RGDI,RGDI+	RGDI+_v1,RGDI_v1,RGDI_v2
PABPC1	RGDI+	RGDI+_v1
PABPN1	DYSM,MMG	DYSM_v1,MMG_v1
PACS1	RGDI,RGDI+	RGDI+_v1,RGDI_v1,RGDI_v2
PACS2	RGDI,RGDI+	RGDI+_v1,RGDI_v1,RGDI_v2
PAFAH1B1	RGDI,RGDI+	RGDI+_v1,RGDI_v1,RGDI_v2
PAH	RGDI,RGDI+	RGDI+_v1,RGDI_v1,RGDI_v2
PAK1	RGDI,RGDI+	RGDI+_v1,RGDI_v1,RGDI_v2
PAK3	RGDI,RGDI+	RGDI+_v1,RGDI_v1,RGDI_v2
PAM16	RGDI+	RGDI+_v1
PARN	RGDI,RGDI+	RGDI+_v1,RGDI_v1,RGDI_v2
PARP6	RGDI+	RGDI+_v1
PARS2	MITN	MITN_v1
PAX1	RGDI+	RGDI+_v1
PAX6	RGDI,RGDI+	RGDI+_v1,RGDI_v1,RGDI_v2
PAX7	MMG,MYOC	MMG_v1,MYOC_v1
PAX8	RGDI,RGDI+	RGDI+_v1,RGDI_v1,RGDI_v2
PBX1	RGDI,RGDI+	RGDI+_v1,RGDI_v1,RGDI_v2
PC	MITN,RGDI,RGDI+	MITN_v1,RGDI+_v1,RGDI_v1,RGDI_v2
PCCA	RGDI,RGDI+	RGDI+_v1,RGDI_v1,RGDI_v2
PCCB	RGDI,RGDI+	RGDI+_v1,RGDI_v1,RGDI_v2
PCDH12	RGDI,RGDI+	RGDI+_v1,RGDI_v1,RGDI_v2
PCDH19	RGDI,RGDI+	RGDI+_v1,RGDI_v1,RGDI_v2
PCDHGC4	RGDI,RGDI+	RGDI+_v1,RGDI_v2
PCGF2	RGDI,RGDI+	RGDI+_v1,RGDI_v1,RGDI_v2
PCNT	RGDI,RGDI+	RGDI+_v1,RGDI_v1,RGDI_v2
PCYT2	RGDI,RGDI+	RGDI+_v1,RGDI_v1,RGDI_v2
PDCD6IP	RGDI+	RGDI+_v1
PDE10A	RGDI+	RGDI+_v1
PDE4D	RGDI,RGDI+	RGDI+_v1,RGDI_v1,RGDI_v2
PDE6D	RGDI+	RGDI+_v1
PDGFRB	RGDI,RGDI+	RGDI+_v1,RGDI_v1,RGDI_v2
PDHA1	MITN,RGDI,RGDI+	MITN_v1,RGDI+_v1,RGDI_v1,RGDI_v2
PDHB	MITN,RGDI,RGDI+	MITN_v1,RGDI+_v1,RGDI_v2
PDHX	MITN,RGDI,RGDI+	MITN_v1,RGDI+_v1,RGDI_v1,RGDI_v2
PDP1	MITN,RGDI+	MITN_v1,RGDI+_v1
PDSS1	MITN,RGDI,RGDI+	MITN_v1,RGDI+_v1,RGDI_v1,RGDI_v2
PDSS2	MITN,RGDI,RGDI+	MITN_v1,RGDI+_v1,RGDI_v1,RGDI_v2
PDZD8	RGDI+	RGDI+_v1
PEPD	RGDI,RGDI+	RGDI+_v1,RGDI_v1,RGDI_v2
PET100	MITN,RGDI,RGDI+	MITN_v1,RGDI+_v1,RGDI_v2
PEX1	RGDI,RGDI+	RGDI+_v1,RGDI_v1,RGDI_v2
PEX10	RGDI,RGDI+	RGDI+_v1,RGDI_v1,RGDI_v2
PEX11B	RGDI,RGDI+	RGDI+_v1,RGDI_v1,RGDI_v2
PEX12	RGDI,RGDI+	RGDI+_v1,RGDI_v1,RGDI_v2
PEX13	RGDI,RGDI+	RGDI+_v1,RGDI_v1,RGDI_v2
PEX14	RGDI,RGDI+	RGDI+_v1,RGDI_v1,RGDI_v2
PEX16	RGDI,RGDI+	RGDI+_v1,RGDI_v1,RGDI_v2
PEX19	RGDI,RGDI+	RGDI+_v1,RGDI_v1,RGDI_v2
PEX2	RGDI,RGDI+	RGDI+_v1,RGDI_v1,RGDI_v2
PEX26	RGDI,RGDI+	RGDI+_v1,RGDI_v1,RGDI_v2
PEX3	RGDI,RGDI+	RGDI+_v1,RGDI_v1,RGDI_v2
PEX5	RGDI,RGDI+	RGDI+_v1,RGDI_v1,RGDI_v2
PEX6	RGDI,RGDI+	RGDI+_v1,RGDI_v1,RGDI_v2
PEX7	RGDI,RGDI+	RGDI+_v1,RGDI_v1,RGDI_v2
PFKM	DYSM,MMG,RHAB	DYSM_v1,MMG_v1,RHAB_v1
PGAM2	MMG,RHAB	MMG_v1,RHAB_v1
PGAP1	RGDI,RGDI+	RGDI+_v1,RGDI_v1,RGDI_v2
PGAP2	RGDI,RGDI+	RGDI+_v1,RGDI_v1,RGDI_v2
PGAP3	RGDI,RGDI+	RGDI+_v1,RGDI_v1,RGDI_v2
PGK1	MMG,RGDI,RGDI+,RHAB	MMG_v1,RGDI+_v1,RGDI_v1,RGDI_v2,RHAB_v1
PGM1	MMG,RHAB	MMG_v1,RHAB_v1
PGM2L1	RGDI,RGDI+	RGDI+_v1,RGDI_v2
PGM3	RGDI,RGDI+	RGDI+_v1,RGDI_v1,RGDI_v2
PHACTR1	RGDI,RGDI+	RGDI+_v1,RGDI_v1,RGDI_v2
PHF14	RGDI+	RGDI+_v1
PHF21A	RGDI,RGDI+	RGDI+_v1,RGDI_v1,RGDI_v2
PHF6	RGDI,RGDI+	RGDI+_v1,RGDI_v1,RGDI_v2
PHF8	RGDI,RGDI+	RGDI+_v1,RGDI_v1,RGDI_v2
PHGDH	RGDI,RGDI+	RGDI+_v1,RGDI_v1,RGDI_v2
PHIP	RGDI,RGDI+	RGDI+_v1,RGDI_v1,RGDI_v2
PHKA1	DYSM,MMG,RHAB	DYSM_v1,MMG_v1,RHAB_v1
PI4KA	RGDI,RGDI+	RGDI+_v1,RGDI_v2
PIBF1	RGDI,RGDI+	RGDI+_v1,RGDI_v2
PIDD1	RGDI,RGDI+	RGDI+_v1,RGDI_v2
PIGA	RGDI,RGDI+	RGDI+_v1,RGDI_v1,RGDI_v2
PIGB	RGDI,RGDI+	RGDI+_v1,RGDI_v1,RGDI_v2
PIGC	RGDI,RGDI+	RGDI+_v1,RGDI_v2
PIGG	RGDI,RGDI+	RGDI+_v1,RGDI_v1,RGDI_v2
PIGH	RGDI,RGDI+	RGDI+_v1,RGDI_v2
PIGK	RGDI,RGDI+	RGDI+_v1,RGDI_v2
PIGL	RGDI,RGDI+	RGDI+_v1,RGDI_v1,RGDI_v2
PIGN	RGDI,RGDI+	RGDI+_v1,RGDI_v1,RGDI_v2
PIGO	RGDI,RGDI+	RGDI+_v1,RGDI_v1,RGDI_v2
PIGP	RGDI,RGDI+	RGDI+_v1,RGDI_v2
PIGQ	RGDI,RGDI+	RGDI+_v1,RGDI_v2
PIGS	RGDI,RGDI+	RGDI+_v1,RGDI_v2
PIGT	RGDI,RGDI+	RGDI+_v1,RGDI_v1,RGDI_v2
PIGU	RGDI,RGDI+	RGDI+_v1,RGDI_v1,RGDI_v2
PIGV	RGDI,RGDI+	RGDI+_v1,RGDI_v1,RGDI_v2
PIGW	RGDI,RGDI+	RGDI+_v1,RGDI_v1,RGDI_v2
PIK3C2A	RGDI+	RGDI+_v1
PIK3CA	RGDI,RGDI+	RGDI+_v1,RGDI_v1,RGDI_v2
PIK3R2	RGDI,RGDI+	RGDI+_v1,RGDI_v1,RGDI_v2
PISD	RGDI+	RGDI+_v1
PITRM1	MITN,RGDI,RGDI+	MITN_v1,RGDI+_v1,RGDI_v1,RGDI_v2
PJA1	RGDI+	RGDI+_v1
PLA2G6	RGDI,RGDI+	RGDI+_v1,RGDI_v1,RGDI_v2
PLAA	RGDI,RGDI+	RGDI+_v1,RGDI_v1,RGDI_v2
PLCB1	RGDI,RGDI+	RGDI+_v1,RGDI_v1,RGDI_v2
PLEC	DYSM,MMG,MYAC	DYSM_v1,MMG_v1,MYAC_v1
PLEKHG2	RGDI+	RGDI+_v1
PLK4	RGDI,RGDI+	RGDI+_v1,RGDI_v1,RGDI_v2
PLP1	RGDI,RGDI+	RGDI+_v1,RGDI_v1,RGDI_v2
PLPBP	RGDI,RGDI+	RGDI+_v1,RGDI_v1,RGDI_v2
PLXNA2	RGDI+	RGDI+_v1
PMM2	RGDI,RGDI+	RGDI+_v1,RGDI_v1,RGDI_v2
PMPCA	MITN,RGDI+	MITN_v1,RGDI+_v1
PMPCB	MITN,RGDI,RGDI+	MITN_v1,RGDI+_v1,RGDI_v1,RGDI_v2
PNKP	RGDI,RGDI+	RGDI+_v1,RGDI_v1,RGDI_v2
PNPLA2	MMG,MYOC	MMG_v1,MYOC_v1
PNPLA6	RGDI,RGDI+	RGDI+_v1,RGDI_v1,RGDI_v2
PNPLA8	MITN	MITN_v1
PNPO	RGDI+	RGDI+_v1
PNPT1	MITN,RGDI,RGDI+	MITN_v1,RGDI+_v1,RGDI_v2
POGLUT1	DYSM,MMG	DYSM_v1,MMG_v1
POGZ	RGDI,RGDI+	RGDI+_v1,RGDI_v1,RGDI_v2
POLA1	RGDI,RGDI+	RGDI+_v1,RGDI_v1,RGDI_v2
POLG	MITN,RGDI,RGDI+	MITN_v1,RGDI+_v1,RGDI_v1,RGDI_v2
POLG2	MITN	MITN_v1
POLR1C	RGDI,RGDI+	RGDI+_v1,RGDI_v2
POLR2A	RGDI,RGDI+	RGDI+_v1,RGDI_v1,RGDI_v2
POLR3A	RGDI,RGDI+	RGDI+_v1,RGDI_v1,RGDI_v2
POLR3B	RGDI,RGDI+	RGDI+_v1,RGDI_v1,RGDI_v2
POLRMT	RGDI+	RGDI+_v1
POMGNT1	DYSM,MMG,RGDI,RGDI+	DYSM_v1,MMG_v1,RGDI+_v1,RGDI_v1,RGDI_v2
POMGNT2	DYSM,MMG,RGDI,RGDI+	DYSM_v1,MMG_v1,RGDI+_v1,RGDI_v1,RGDI_v2
POMK	DYSM,MMG,RGDI+	DYSM_v1,MMG_v1,RGDI+_v1
POMT1	DYSM,MMG,RGDI,RGDI+	DYSM_v1,MMG_v1,RGDI+_v1,RGDI_v1,RGDI_v2
POMT2	DYSM,MMG,RGDI,RGDI+	DYSM_v1,MMG_v1,RGDI+_v1,RGDI_v1,RGDI_v2
POPDC3	DYSM,MMG	DYSM_v1,MMG_v1
PORCN	RGDI,RGDI+	RGDI+_v1,RGDI_v1,RGDI_v2
POU3F3	RGDI,RGDI+	RGDI+_v1,RGDI_v1,RGDI_v2
PPA2	MITN	MITN_v1
PPIL1	RGDI,RGDI+	RGDI+_v1,RGDI_v2
PPM1D	RGDI,RGDI+	RGDI+_v1,RGDI_v1,RGDI_v2
PPP1CB	RGDI,RGDI+	RGDI+_v1,RGDI_v1,RGDI_v2
PPP1R12A	RGDI,RGDI+	RGDI+_v1,RGDI_v2
PPP1R15B	RGDI,RGDI+	RGDI+_v1,RGDI_v1,RGDI_v2
PPP1R21	RGDI,RGDI+	RGDI+_v1,RGDI_v1,RGDI_v2
PPP2CA	RGDI,RGDI+	RGDI+_v1,RGDI_v1,RGDI_v2
PPP2R1A	RGDI,RGDI+	RGDI+_v1,RGDI_v1,RGDI_v2
PPP2R5D	RGDI,RGDI+	RGDI+_v1,RGDI_v1,RGDI_v2
PPP3CA	RGDI,RGDI+	RGDI+_v1,RGDI_v1,RGDI_v2
PPT1	RGDI,RGDI+	RGDI+_v1,RGDI_v1,RGDI_v2
PQBP1	RGDI,RGDI+	RGDI+_v1,RGDI_v1,RGDI_v2
PRDM13	RGDI+	RGDI+_v1
PRICKLE2	RGDI,RGDI+	RGDI+_v1,RGDI_v2
PRKACB	RGDI+	RGDI+_v1
PRKAR1B	RGDI+	RGDI+_v1
PRKD1	RGDI,RGDI+	RGDI+_v1,RGDI_v1
PRMT7	RGDI,RGDI+	RGDI+_v1,RGDI_v1,RGDI_v2
PRODH	RGDI,RGDI+	RGDI+_v1,RGDI_v1,RGDI_v2
PRORP	MITN	MITN_v1
PRPF8	RGDI+	RGDI+_v1
PRPS1	RGDI,RGDI+	RGDI+_v1,RGDI_v1,RGDI_v2
PRR12	RGDI,RGDI+	RGDI+_v1,RGDI_v1,RGDI_v2
PRRT2	RGDI+	RGDI+_v1
PRSS12	RGDI,RGDI+	RGDI+_v1,RGDI_v1,RGDI_v2
PRUNE1	RGDI,RGDI+	RGDI+_v1,RGDI_v1,RGDI_v2
PSAP	RGDI,RGDI+	RGDI+_v1,RGDI_v1,RGDI_v2
PSMB8	RGDI+	RGDI+_v1
PSMC5	RGDI+	RGDI+_v1
PSMD12	RGDI,RGDI+	RGDI+_v1,RGDI_v1,RGDI_v2
PSPH	RGDI,RGDI+	RGDI+_v1,RGDI_v1,RGDI_v2
PTCH1	RGDI,RGDI+	RGDI+_v1,RGDI_v1,RGDI_v2
PTCHD1	RGDI,RGDI+	RGDI+_v1,RGDI_v1,RGDI_v2
PTDSS1	RGDI,RGDI+	RGDI+_v1,RGDI_v1,RGDI_v2
PTEN	RGDI,RGDI+	RGDI+_v1,RGDI_v1,RGDI_v2
PTF1A	RGDI,RGDI+	RGDI+_v1,RGDI_v1,RGDI_v2
PTH1R	RGDI+	RGDI+_v1
PTHLH	RGDI+	RGDI+_v1
PTPN11	RGDI,RGDI+	RGDI+_v1,RGDI_v1,RGDI_v2
PTPN23	RGDI,RGDI+	RGDI+_v1,RGDI_v1,RGDI_v2
PTPN4	RGDI,RGDI+	RGDI+_v1,RGDI_v2
PTRH2	RGDI+	RGDI+_v1
PTRHD1	RGDI,RGDI+	RGDI+_v1,RGDI_v2
PTS	RGDI,RGDI+	RGDI+_v1,RGDI_v1,RGDI_v2
PUF60	RGDI,RGDI+	RGDI+_v1,RGDI_v1,RGDI_v2
PUM1	RGDI,RGDI+	RGDI+_v1,RGDI_v2
PURA	RGDI,RGDI+	RGDI+_v1,RGDI_v1,RGDI_v2
PUS1	MITN,RGDI,RGDI+	MITN_v1,RGDI+_v1,RGDI_v1,RGDI_v2
PUS3	RGDI,RGDI+	RGDI+_v1,RGDI_v1,RGDI_v2
PUS7	RGDI,RGDI+	RGDI+_v1,RGDI_v1,RGDI_v2
PYCR1	RGDI,RGDI+	RGDI+_v1,RGDI_v1,RGDI_v2
PYCR2	RGDI,RGDI+	RGDI+_v1,RGDI_v1,RGDI_v2
PYGM	DYSM,MMG,RHAB	DYSM_v1,MMG_v1,RHAB_v1
PYROXD1	MMG,MYOC	MMG_v1,MYOC_v1
QARS1	RGDI,RGDI+	RGDI+_v1,RGDI_v1,RGDI_v2
QDPR	RGDI,RGDI+	RGDI+_v1,RGDI_v1,RGDI_v2
QRICH1	RGDI,RGDI+	RGDI+_v1,RGDI_v1,RGDI_v2
QRSL1	MITN	MITN_v1
RAB11A	RGDI+	RGDI+_v1
RAB11B	RGDI,RGDI+	RGDI+_v1,RGDI_v1,RGDI_v2
RAB14	RGDI+	RGDI+_v1
RAB18	RGDI,RGDI+	RGDI+_v1,RGDI_v1,RGDI_v2
RAB23	RGDI,RGDI+	RGDI+_v1,RGDI_v1,RGDI_v2
RAB39B	RGDI,RGDI+	RGDI+_v1,RGDI_v1,RGDI_v2
RAB3GAP1	RGDI,RGDI+	RGDI+_v1,RGDI_v1,RGDI_v2
RAB3GAP2	RGDI,RGDI+	RGDI+_v1,RGDI_v1,RGDI_v2
RABGAP1	RGDI+	RGDI+_v1
RAC1	RGDI,RGDI+	RGDI+_v1,RGDI_v1,RGDI_v2
RAC3	RGDI,RGDI+	RGDI+_v1,RGDI_v1,RGDI_v2
RAD21	RGDI,RGDI+	RGDI+_v1,RGDI_v1,RGDI_v2
RAD51	RGDI+	RGDI+_v1
RAF1	RGDI,RGDI+	RGDI+_v1,RGDI_v1,RGDI_v2
RAI1	RGDI,RGDI+	RGDI+_v1,RGDI_v1,RGDI_v2
RALA	RGDI,RGDI+	RGDI+_v1,RGDI_v1,RGDI_v2
RALGAPA1	RGDI,RGDI+	RGDI+_v1,RGDI_v2
RAP1B	RGDI+	RGDI+_v1
RAP1GDS1	RGDI+	RGDI+_v1
RAPSN	MMG,MYAC	MMG_v1,MYAC_v1
RARB	RGDI,RGDI+	RGDI+_v1,RGDI_v1,RGDI_v2
RARS1	RGDI,RGDI+	RGDI+_v1,RGDI_v2
RARS2	MITN,RGDI,RGDI+	MITN_v1,RGDI+_v1,RGDI_v1,RGDI_v2
RAX	RGDI+	RGDI+_v1
RBBP8	RGDI,RGDI+	RGDI+_v1,RGDI_v1,RGDI_v2
RBCK1	MMG,MYOC	MMG_v1,MYOC_v1
RBM10	RGDI,RGDI+	RGDI+_v1,RGDI_v1,RGDI_v2
RBPJ	RGDI+	RGDI+_v1
RELN	RGDI,RGDI+	RGDI+_v1,RGDI_v1,RGDI_v2
RERE	RGDI,RGDI+	RGDI+_v1,RGDI_v1,RGDI_v2
RFT1	RGDI,RGDI+	RGDI+_v1,RGDI_v1,RGDI_v2
RFX3	RGDI,RGDI+	RGDI+_v1,RGDI_v2
RFX4	RGDI,RGDI+	RGDI+_v1,RGDI_v2
RFX7	RGDI,RGDI+	RGDI+_v1,RGDI_v2
RHEB	RGDI+	RGDI+_v1
RHOBTB2	RGDI,RGDI+	RGDI+_v1,RGDI_v1,RGDI_v2
RIC1	RGDI+	RGDI+_v1
RIT1	RGDI,RGDI+	RGDI+_v1,RGDI_v1,RGDI_v2
RLIM	RGDI,RGDI+	RGDI+_v1,RGDI_v1,RGDI_v2
RMND1	MITN,RGDI,RGDI+	MITN_v1,RGDI+_v1,RGDI_v1,RGDI_v2
RMRP	RGDI+	RGDI+_v1
RNASEH1	MITN	MITN_v1
RNASEH2A	RGDI,RGDI+	RGDI+_v1,RGDI_v1,RGDI_v2
RNASEH2B	RGDI,RGDI+	RGDI+_v1,RGDI_v1,RGDI_v2
RNASEH2C	RGDI,RGDI+	RGDI+_v1,RGDI_v1,RGDI_v2
RNASET2	RGDI,RGDI+	RGDI+_v1,RGDI_v1,RGDI_v2
RNF113A	RGDI,RGDI+	RGDI+_v1,RGDI_v2
RNF125	RGDI,RGDI+	RGDI+_v1,RGDI_v1,RGDI_v2
RNF13	RGDI,RGDI+	RGDI+_v1,RGDI_v2
RNF220	RGDI+	RGDI+_v1
RNPC3	RGDI+	RGDI+_v1
RNU4ATAC	RGDI+	RGDI+_v1
RNU7-1	RGDI,RGDI+	RGDI+_v1,RGDI_v2
ROGDI	RGDI,RGDI+	RGDI+_v1,RGDI_v1,RGDI_v2
ROR2	RGDI,RGDI+	RGDI+_v1,RGDI_v1,RGDI_v2
RORA	RGDI,RGDI+	RGDI+_v1,RGDI_v1,RGDI_v2
RPGRIP1L	RGDI,RGDI+	RGDI+_v1,RGDI_v1,RGDI_v2
RPIA	RGDI,RGDI+	RGDI+_v1,RGDI_v1,RGDI_v2
RPL10	RGDI,RGDI+	RGDI+_v1,RGDI_v1,RGDI_v2
RPS6KA3	RGDI,RGDI+	RGDI+_v1,RGDI_v1,RGDI_v2
RRM2B	MITN,RGDI,RGDI+	MITN_v1,RGDI+_v1,RGDI_v1,RGDI_v2
RSPRY1	RGDI+	RGDI+_v1
RSRC1	RGDI,RGDI+	RGDI+_v1,RGDI_v2
RTEL1	RGDI,RGDI+	RGDI+_v1,RGDI_v1,RGDI_v2
RTN4IP1	MITN,RGDI,RGDI+	MITN_v1,RGDI+_v1,RGDI_v1,RGDI_v2
RTTN	RGDI,RGDI+	RGDI+_v1,RGDI_v1,RGDI_v2
RUSC2	RGDI+	RGDI+_v1
RXYLT1	DYSM,MMG,RGDI,RGDI+	DYSM_v1,MMG_v1,RGDI+_v1,RGDI_v1,RGDI_v2
RYR1	DYSM,HYPM,MMG,MYOC,RHAB	DYSM_v1,HYPM_v1,MMG_v1,MYOC_v1,RHAB_v1
RYR2	RGDI+	RGDI+_v1
SACS	MITN	MITN_v1
SALL1	RGDI+	RGDI+_v1
SAMD9	RGDI,RGDI+	RGDI+_v1,RGDI_v1,RGDI_v2
SAMHD1	RGDI,RGDI+	RGDI+_v1,RGDI_v1,RGDI_v2
SARS1	RGDI+	RGDI+_v1
SARS2	MITN,RGDI,RGDI+	MITN_v1,RGDI+_v1,RGDI_v2
SATB1	RGDI,RGDI+	RGDI+_v1,RGDI_v2
SATB2	RGDI,RGDI+	RGDI+_v1,RGDI_v1,RGDI_v2
SBF1	RGDI,RGDI+	RGDI+_v1,RGDI_v2
SC5D	RGDI,RGDI+	RGDI+_v1,RGDI_v1,RGDI_v2
SCAF4	RGDI+	RGDI+_v1
SCAMP5	RGDI+	RGDI+_v1
SCAPER	RGDI,RGDI+	RGDI+_v1,RGDI_v1,RGDI_v2
SCN1A	RGDI,RGDI+	RGDI+_v1,RGDI_v1,RGDI_v2
SCN2A	RGDI,RGDI+	RGDI+_v1,RGDI_v1,RGDI_v2
SCN3A	RGDI,RGDI+	RGDI+_v1,RGDI_v1,RGDI_v2
SCN4A	MMG,MYAC,MYOC	MMG_v1,MYAC_v1,MYOC_v1
SCN8A	RGDI,RGDI+	RGDI+_v1,RGDI_v1,RGDI_v2
SCO1	MITN,RGDI	MITN_v1,RGDI_v1
SCO2	MITN,RGDI,RGDI+	MITN_v1,RGDI+_v1,RGDI_v1,RGDI_v2
SCYL1	RGDI,RGDI+	RGDI+_v1,RGDI_v2
SDCCAG8	RGDI,RGDI+	RGDI+_v1,RGDI_v1,RGDI_v2
SDHA	MITN,RGDI,RGDI+	MITN_v1,RGDI+_v1,RGDI_v1,RGDI_v2
SDHAF1	MITN,RGDI,RGDI+	MITN_v1,RGDI+_v1,RGDI_v1,RGDI_v2
SDHB	MITN	MITN_v1
SDHD	MITN	MITN_v1
SEC31A	RGDI+	RGDI+_v1
SELENON	DYSM,MMG,MYOC	DYSM_v1,MMG_v1,MYOC_v1
SEPSECS	RGDI,RGDI+	RGDI+_v1,RGDI_v1,RGDI_v2
SERAC1	MITN,RGDI,RGDI+	MITN_v1,RGDI+_v1,RGDI_v1,RGDI_v2
SET	RGDI,RGDI+	RGDI+_v1,RGDI_v1,RGDI_v2
SETBP1	RGDI,RGDI+	RGDI+_v1,RGDI_v1,RGDI_v2
SETD1A	RGDI,RGDI+	RGDI+_v1,RGDI_v2
SETD1B	RGDI,RGDI+	RGDI+_v1,RGDI_v1,RGDI_v2
SETD2	RGDI,RGDI+	RGDI+_v1,RGDI_v1,RGDI_v2
SETD5	RGDI,RGDI+	RGDI+_v1,RGDI_v1,RGDI_v2
SFXN4	MITN,RGDI,RGDI+	MITN_v1,RGDI+_v1,RGDI_v2
SGCA	DYSM,MMG	DYSM_v1,MMG_v1
SGCB	DYSM,MMG	DYSM_v1,MMG_v1
SGCD	DYSM,MMG	DYSM_v1,MMG_v1
SGCG	DYSM,MMG	DYSM_v1,MMG_v1
SGPL1	RGDI,RGDI+	RGDI+_v1,RGDI_v1,RGDI_v2
SGSH	RGDI,RGDI+	RGDI+_v1,RGDI_v1,RGDI_v2
SHANK2	RGDI,RGDI+	RGDI+_v1,RGDI_v1,RGDI_v2
SHANK3	RGDI,RGDI+	RGDI+_v1,RGDI_v1,RGDI_v2
SHH	RGDI,RGDI+	RGDI+_v1,RGDI_v1,RGDI_v2
SHMT2	RGDI,RGDI+	RGDI+_v1,RGDI_v2
SHOC2	RGDI,RGDI+	RGDI+_v1,RGDI_v1,RGDI_v2
SIAH1	RGDI,RGDI+	RGDI+_v1,RGDI_v2
SIK1	RGDI,RGDI+	RGDI+_v1,RGDI_v1,RGDI_v2
SIL1	MMG,RGDI,RGDI+,RHAB	MMG_v1,RGDI+_v1,RGDI_v1,RGDI_v2,RHAB_v1
SIN3A	RGDI,RGDI+	RGDI+_v1,RGDI_v1,RGDI_v2
SIN3B	RGDI,RGDI+	RGDI+_v1,RGDI_v2
SIX3	RGDI,RGDI+	RGDI+_v1,RGDI_v1,RGDI_v2
SKI	RGDI,RGDI+	RGDI+_v1,RGDI_v1,RGDI_v2
SLC12A2	RGDI,RGDI+	RGDI+_v1,RGDI_v2
SLC12A5	RGDI,RGDI+	RGDI+_v1,RGDI_v1,RGDI_v2
SLC12A6	RGDI,RGDI+	RGDI+_v1,RGDI_v1,RGDI_v2
SLC13A5	RGDI,RGDI+	RGDI+_v1,RGDI_v1,RGDI_v2
SLC16A2	RGDI,RGDI+	RGDI+_v1,RGDI_v1,RGDI_v2
SLC17A5	RGDI,RGDI+	RGDI+_v1,RGDI_v1,RGDI_v2
SLC18A3	MMG,MYAC	MMG_v1,MYAC_v1
SLC19A2	MITN	MITN_v1
SLC19A3	MITN,RGDI,RGDI+	MITN_v1,RGDI+_v1,RGDI_v1,RGDI_v2
SLC1A1	RGDI,RGDI+	RGDI+_v1,RGDI_v2
SLC1A2	RGDI,RGDI+	RGDI+_v1,RGDI_v1,RGDI_v2
SLC1A4	RGDI,RGDI+	RGDI+_v1,RGDI_v1,RGDI_v2
SLC25A1	MITN,MMG,MYAC,RGDI,RGDI+	MITN_v1,MMG_v1,MYAC_v1,RGDI+_v1,RGDI_v1,RGDI_v2
SLC25A12	MITN,RGDI,RGDI+	MITN_v1,RGDI+_v1,RGDI_v1,RGDI_v2
SLC25A15	RGDI,RGDI+	RGDI+_v1,RGDI_v1,RGDI_v2
SLC25A19	MITN	MITN_v1
SLC25A22	RGDI,RGDI+	RGDI+_v1,RGDI_v1,RGDI_v2
SLC25A26	MITN,RGDI+	MITN_v1,RGDI+_v1
SLC25A3	MITN	MITN_v1
SLC25A32	MITN	MITN_v1
SLC25A38	MITN,RGDI+	MITN_v1,RGDI+_v1
SLC25A4	MITN	MITN_v1
SLC25A42	MITN	MITN_v1
SLC25A46	MITN	MITN_v1
SLC26A2	RGDI+	RGDI+_v1
SLC27A4	RGDI+	RGDI+_v1
SLC2A1	RGDI,RGDI+	RGDI+_v1,RGDI_v1,RGDI_v2
SLC33A1	RGDI,RGDI+	RGDI+_v1,RGDI_v1,RGDI_v2
SLC35A1	RGDI,RGDI+	RGDI+_v1,RGDI_v1,RGDI_v2
SLC35A2	RGDI,RGDI+	RGDI+_v1,RGDI_v1,RGDI_v2
SLC35A3	RGDI+	RGDI+_v1
SLC35B2	RGDI+	RGDI+_v1
SLC35C1	RGDI,RGDI+	RGDI+_v1,RGDI_v1,RGDI_v2
SLC35D1	RGDI+	RGDI+_v1
SLC38A3	RGDI+	RGDI+_v1
SLC39A13	RGDI+	RGDI+_v1
SLC39A14	RGDI,RGDI+	RGDI+_v1,RGDI_v1,RGDI_v2
SLC39A8	RGDI,RGDI+	RGDI+_v1,RGDI_v1,RGDI_v2
SLC46A1	RGDI,RGDI+	RGDI+_v1,RGDI_v1,RGDI_v2
SLC4A1	RGDI+	RGDI+_v1
SLC4A11	RGDI+	RGDI+_v1
SLC4A4	RGDI,RGDI+	RGDI+_v1,RGDI_v1,RGDI_v2
SLC5A6	RGDI,RGDI+	RGDI+_v1,RGDI_v2
SLC5A7	MMG,MYAC,RGDI+	MMG_v1,MYAC_v1,RGDI+_v1
SLC6A1	RGDI,RGDI+	RGDI+_v1,RGDI_v1,RGDI_v2
SLC6A17	RGDI,RGDI+	RGDI+_v1,RGDI_v1,RGDI_v2
SLC6A19	RGDI,RGDI+	RGDI+_v1,RGDI_v1,RGDI_v2
SLC6A3	RGDI,RGDI+	RGDI+_v1,RGDI_v1,RGDI_v2
SLC6A8	RGDI,RGDI+	RGDI+_v1,RGDI_v1,RGDI_v2
SLC6A9	RGDI,RGDI+	RGDI+_v1,RGDI_v1,RGDI_v2
SLC9A6	RGDI,RGDI+	RGDI+_v1,RGDI_v1,RGDI_v2
SLC9A7	RGDI+	RGDI+_v1
SLX4	RGDI,RGDI+	RGDI+_v1,RGDI_v1,RGDI_v2
SMAD3	RGDI+	RGDI+_v1
SMAD4	RGDI,RGDI+	RGDI+_v1,RGDI_v1,RGDI_v2
SMARCA2	RGDI,RGDI+	RGDI+_v1,RGDI_v1,RGDI_v2
SMARCA4	RGDI,RGDI+	RGDI+_v1,RGDI_v1,RGDI_v2
SMARCA5	RGDI,RGDI+	RGDI+_v1,RGDI_v2
SMARCB1	RGDI,RGDI+	RGDI+_v1,RGDI_v1,RGDI_v2
SMARCC2	RGDI,RGDI+	RGDI+_v1,RGDI_v1,RGDI_v2
SMARCD1	RGDI,RGDI+	RGDI+_v1,RGDI_v1,RGDI_v2
SMARCD2	RGDI+	RGDI+_v1
SMARCE1	RGDI,RGDI+	RGDI+_v1,RGDI_v1,RGDI_v2
SMC1A	RGDI,RGDI+	RGDI+_v1,RGDI_v1,RGDI_v2
SMC3	RGDI,RGDI+	RGDI+_v1,RGDI_v1,RGDI_v2
SMG8	RGDI,RGDI+	RGDI+_v1,RGDI_v2
SMG9	RGDI+	RGDI+_v1
SMOC1	RGDI,RGDI+	RGDI+_v1,RGDI_v1,RGDI_v2
SMPD1	RGDI,RGDI+	RGDI+_v1,RGDI_v1,RGDI_v2
SMPD4	RGDI,RGDI+	RGDI+_v1,RGDI_v1,RGDI_v2
SMS	RGDI,RGDI+	RGDI+_v1,RGDI_v1,RGDI_v2
SNAP25	RGDI,RGDI+	RGDI+_v1,RGDI_v1,RGDI_v2
SNAP29	RGDI,RGDI+	RGDI+_v1,RGDI_v1,RGDI_v2
SNIP1	RGDI,RGDI+	RGDI+_v1,RGDI_v2
SNORD118	RGDI+	RGDI+_v1
SNRPB	RGDI,RGDI+	RGDI+_v1,RGDI_v1,RGDI_v2
SNX14	RGDI,RGDI+	RGDI+_v1,RGDI_v1,RGDI_v2
SNX27	RGDI,RGDI+	RGDI+_v1,RGDI_v2
SON	RGDI,RGDI+	RGDI+_v1,RGDI_v1,RGDI_v2
SOS1	RGDI,RGDI+	RGDI+_v1,RGDI_v1,RGDI_v2
SOS2	RGDI,RGDI+	RGDI+_v1,RGDI_v1,RGDI_v2
SOX10	RGDI,RGDI+	RGDI+_v1,RGDI_v1,RGDI_v2
SOX11	RGDI,RGDI+	RGDI+_v1,RGDI_v1,RGDI_v2
SOX2	RGDI,RGDI+	RGDI+_v1,RGDI_v1,RGDI_v2
SOX3	RGDI,RGDI+	RGDI+_v1,RGDI_v1
SOX4	RGDI,RGDI+	RGDI+_v1,RGDI_v1,RGDI_v2
SOX5	RGDI,RGDI+	RGDI+_v1,RGDI_v1,RGDI_v2
SOX6	RGDI,RGDI+	RGDI+_v1,RGDI_v2
SOX9	RGDI,RGDI+	RGDI+_v1,RGDI_v1,RGDI_v2
SPART	RGDI,RGDI+	RGDI+_v1,RGDI_v1,RGDI_v2
SPATA5	RGDI,RGDI+	RGDI+_v1,RGDI_v1,RGDI_v2
SPATA5L1	RGDI+	RGDI+_v1
SPECC1L	RGDI,RGDI+	RGDI+_v1,RGDI_v1,RGDI_v2
SPEG	MMG,MYOC	MMG_v1,MYOC_v1
SPEN	RGDI,RGDI+	RGDI+_v1,RGDI_v2
SPG11	RGDI,RGDI+	RGDI+_v1,RGDI_v1,RGDI_v2
SPG7	MITN	MITN_v1
SPOP	RGDI,RGDI+	RGDI+_v1,RGDI_v2
SPR	RGDI,RGDI+	RGDI+_v1,RGDI_v1,RGDI_v2
SPRED1	RGDI,RGDI+	RGDI+_v1,RGDI_v1,RGDI_v2
SPRED2	RGDI+	RGDI+_v1
SPTAN1	RGDI,RGDI+	RGDI+_v1,RGDI_v1,RGDI_v2
SPTBN1	RGDI,RGDI+	RGDI+_v1,RGDI_v2
SPTBN2	RGDI,RGDI+	RGDI+_v1,RGDI_v1,RGDI_v2
SPTBN4	RGDI,RGDI+	RGDI+_v1,RGDI_v2
SQOR	MITN	MITN_v1
SRCAP	RGDI,RGDI+	RGDI+_v1,RGDI_v1,RGDI_v2
SRD5A3	RGDI,RGDI+	RGDI+_v1,RGDI_v1,RGDI_v2
SRGAP3	RGDI+	RGDI+_v1
SRP54	RGDI+	RGDI+_v1
SRRM2	RGDI+	RGDI+_v1
SSBP1	MITN	MITN_v1
SSR4	RGDI,RGDI+	RGDI+_v1,RGDI_v1,RGDI_v2
ST3GAL3	RGDI,RGDI+	RGDI+_v1,RGDI_v1,RGDI_v2
ST3GAL5	RGDI,RGDI+	RGDI+_v1,RGDI_v1,RGDI_v2
STAC3	HYPM,MMG,MYOC	HYPM_v1,MMG_v1,MYOC_v1
STAG1	RGDI,RGDI+	RGDI+_v1,RGDI_v1,RGDI_v2
STAG2	RGDI,RGDI+	RGDI+_v1,RGDI_v1,RGDI_v2
STAMBP	RGDI,RGDI+	RGDI+_v1,RGDI_v1,RGDI_v2
STIL	RGDI,RGDI+	RGDI+_v1,RGDI_v1,RGDI_v2
STIM1	DYSM,MMG,MYOC	DYSM_v1,MMG_v1,MYOC_v1
STRA6	RGDI,RGDI+	RGDI+_v1,RGDI_v1,RGDI_v2
STRADA	RGDI,RGDI+	RGDI+_v1,RGDI_v1,RGDI_v2
STT3A	RGDI,RGDI+	RGDI+_v1,RGDI_v2
STX1B	RGDI,RGDI+	RGDI+_v1,RGDI_v1,RGDI_v2
STXBP1	RGDI,RGDI+	RGDI+_v1,RGDI_v1,RGDI_v2
SUCLA2	MITN,RGDI+	MITN_v1,RGDI+_v1
SUCLG1	MITN,RGDI,RGDI+	MITN_v1,RGDI+_v1,RGDI_v1,RGDI_v2
SUFU	RGDI+	RGDI+_v1
SUMF1	RGDI,RGDI+	RGDI+_v1,RGDI_v1,RGDI_v2
SUOX	RGDI,RGDI+	RGDI+_v1,RGDI_v1,RGDI_v2
SUPT16H	RGDI,RGDI+	RGDI+_v1,RGDI_v2
SURF1	MITN,RGDI,RGDI+	MITN_v1,RGDI+_v1,RGDI_v1,RGDI_v2
SUZ12	RGDI,RGDI+	RGDI+_v1,RGDI_v2
SVBP	RGDI,RGDI+	RGDI+_v1,RGDI_v1,RGDI_v2
SYN1	RGDI,RGDI+	RGDI+_v1,RGDI_v1,RGDI_v2
SYNCRIP	RGDI,RGDI+	RGDI+_v1,RGDI_v2
SYNE1	DYSM,MMG	DYSM_v1,MMG_v1
SYNE2	DYSM,MMG	DYSM_v1,MMG_v1
SYNGAP1	RGDI,RGDI+	RGDI+_v1,RGDI_v1,RGDI_v2
SYNJ1	RGDI,RGDI+	RGDI+_v1,RGDI_v1,RGDI_v2
SYP	RGDI,RGDI+	RGDI+_v1,RGDI_v1,RGDI_v2
SYT1	RGDI,RGDI+	RGDI+_v1,RGDI_v1,RGDI_v2
SYT2	MMG,MYAC	MMG_v1,MYAC_v1
SZT2	RGDI,RGDI+	RGDI+_v1,RGDI_v1,RGDI_v2
TACO1	MITN	MITN_v1
TAF1	RGDI,RGDI+	RGDI+_v1,RGDI_v1,RGDI_v2
TAF1C	RGDI+	RGDI+_v1
TAF4	RGDI+	RGDI+_v1
TAF6	RGDI,RGDI+	RGDI+_v1,RGDI_v1,RGDI_v2
TAF8	RGDI+	RGDI+_v1
TANC2	RGDI,RGDI+	RGDI+_v1,RGDI_v2
TANGO2	RGDI,RGDI+	RGDI+_v1,RGDI_v1,RGDI_v2
TAOK1	RGDI,RGDI+	RGDI+_v1,RGDI_v1,RGDI_v2
TARS2	MITN	MITN_v1
TASP1	RGDI,RGDI+	RGDI+_v1,RGDI_v2
TAT	RGDI,RGDI+	RGDI+_v1,RGDI_v1,RGDI_v2
TAZ	MITN,RGDI,RGDI+	MITN_v1,RGDI+_v1,RGDI_v1,RGDI_v2
TBC1D20	RGDI,RGDI+	RGDI+_v1,RGDI_v1,RGDI_v2
TBC1D23	RGDI,RGDI+	RGDI+_v1,RGDI_v1,RGDI_v2
TBC1D24	RGDI,RGDI+	RGDI+_v1,RGDI_v1,RGDI_v2
TBC1D2B	RGDI+	RGDI+_v1
TBC1D7	RGDI+	RGDI+_v1
TBCD	RGDI,RGDI+	RGDI+_v1,RGDI_v1,RGDI_v2
TBCE	RGDI,RGDI+	RGDI+_v1,RGDI_v1,RGDI_v2
TBCK	RGDI,RGDI+	RGDI+_v1,RGDI_v1,RGDI_v2
TBL1XR1	RGDI,RGDI+	RGDI+_v1,RGDI_v1,RGDI_v2
TBR1	RGDI,RGDI+	RGDI+_v1,RGDI_v1,RGDI_v2
TBX1	RGDI+	RGDI+_v1
TCAP	DYSM,MMG	DYSM_v1,MMG_v1
TCEAL1	RGDI+	RGDI+_v1
TCF20	RGDI,RGDI+	RGDI+_v1,RGDI_v1,RGDI_v2
TCF4	RGDI,RGDI+	RGDI+_v1,RGDI_v1,RGDI_v2
TCF7L2	RGDI,RGDI+	RGDI+_v1,RGDI_v2
TCN2	RGDI,RGDI+	RGDI+_v1,RGDI_v1,RGDI_v2
TCTN2	RGDI,RGDI+	RGDI+_v1,RGDI_v1,RGDI_v2
TCTN3	RGDI,RGDI+	RGDI+_v1,RGDI_v2
TDP2	RGDI,RGDI+	RGDI+_v1,RGDI_v1,RGDI_v2
TECPR2	RGDI,RGDI+	RGDI+_v1,RGDI_v1,RGDI_v2
TELO2	RGDI,RGDI+	RGDI+_v1,RGDI_v1,RGDI_v2
TENM3	RGDI,RGDI+	RGDI+_v1,RGDI_v2
TERT	RGDI+	RGDI+_v1
TET3	RGDI,RGDI+	RGDI+_v1,RGDI_v2
TFE3	RGDI,RGDI+	RGDI+_v1,RGDI_v2
TGFB1	RGDI+	RGDI+_v1
TGIF1	RGDI,RGDI+	RGDI+_v1,RGDI_v1,RGDI_v2
TH	RGDI,RGDI+	RGDI+_v1,RGDI_v1,RGDI_v2
THOC2	RGDI,RGDI+	RGDI+_v1,RGDI_v1,RGDI_v2
THOC6	RGDI,RGDI+	RGDI+_v1,RGDI_v1,RGDI_v2
THRA	RGDI,RGDI+	RGDI+_v1,RGDI_v1,RGDI_v2
THRB	RGDI+	RGDI+_v1
THUMPD1	RGDI+	RGDI+_v1
TIA1	MMG	MMG_v1
TIAM1	RGDI+	RGDI+_v1
TIMM50	MITN,RGDI,RGDI+	MITN_v1,RGDI+_v1,RGDI_v1,RGDI_v2
TIMM8A	MITN	MITN_v1
TIMMDC1	MITN	MITN_v1
TK2	MITN	MITN_v1
TKFC	RGDI+	RGDI+_v1
TKT	RGDI+	RGDI+_v1
TLK2	RGDI,RGDI+	RGDI+_v1,RGDI_v1,RGDI_v2
TMCO1	RGDI,RGDI+	RGDI+_v1,RGDI_v1,RGDI_v2
TMEM106B	RGDI,RGDI+	RGDI+_v1,RGDI_v2
TMEM126B	MITN	MITN_v1
TMEM165	RGDI,RGDI+	RGDI+_v1,RGDI_v1,RGDI_v2
TMEM216	RGDI,RGDI+	RGDI+_v1,RGDI_v1,RGDI_v2
TMEM222	RGDI,RGDI+	RGDI+_v1,RGDI_v2
TMEM231	RGDI+	RGDI+_v1
TMEM237	RGDI,RGDI+	RGDI+_v1,RGDI_v1,RGDI_v2
TMEM240	RGDI,RGDI+	RGDI+_v1,RGDI_v1,RGDI_v2
TMEM43	DYSM,MMG	DYSM_v1,MMG_v1
TMEM63C	RGDI+	RGDI+_v1
TMEM67	RGDI,RGDI+	RGDI+_v1,RGDI_v1,RGDI_v2
TMEM70	MITN,RGDI,RGDI+	MITN_v1,RGDI+_v1,RGDI_v1,RGDI_v2
TMEM94	RGDI,RGDI+	RGDI+_v1,RGDI_v1,RGDI_v2
TMTC3	RGDI,RGDI+	RGDI+_v1,RGDI_v1,RGDI_v2
TMX2	RGDI,RGDI+	RGDI+_v1,RGDI_v1,RGDI_v2
TNNT1	MMG,MYOC	MMG_v1,MYOC_v1
TNPO2	RGDI,RGDI+	RGDI+_v1,RGDI_v2
TNPO3	DYSM,MMG	DYSM_v1,MMG_v1
TNR	RGDI+	RGDI+_v1
TNRC6B	RGDI,RGDI+	RGDI+_v1,RGDI_v2
TOE1	RGDI,RGDI+	RGDI+_v1,RGDI_v1,RGDI_v2
TOMM70	MITN,RGDI+	MITN_v1,RGDI+_v1
TOP3A	MITN	MITN_v1
TOR1A	RGDI,RGDI+	RGDI+_v1,RGDI_v2
TOR1AIP1	DYSM,MMG	DYSM_v1,MMG_v1
TP73	RGDI,RGDI+	RGDI+_v1,RGDI_v2
TPK1	MITN	MITN_v1
TPM2	MMG,MYOC	MMG_v1,MYOC_v1
TPM3	MMG,MYOC	MMG_v1,MYOC_v1
TPP1	RGDI,RGDI+	RGDI+_v1,RGDI_v1,RGDI_v2
TPP2	RGDI+	RGDI+_v1
TRA2B	RGDI+	RGDI+_v1
TRAF7	RGDI,RGDI+	RGDI+_v1,RGDI_v1,RGDI_v2
TRAIP	RGDI,RGDI+	RGDI+_v1,RGDI_v1,RGDI_v2
TRAK1	RGDI+	RGDI+_v1
TRAPPC11	DYSM,MMG,RGDI+	DYSM_v1,MMG_v1,RGDI+_v1
TRAPPC12	RGDI,RGDI+	RGDI+_v1,RGDI_v1,RGDI_v2
TRAPPC2L	RGDI+	RGDI+_v1
TRAPPC4	RGDI,RGDI+	RGDI+_v1,RGDI_v2
TRAPPC6B	RGDI,RGDI+	RGDI+_v1,RGDI_v1,RGDI_v2
TRAPPC9	RGDI,RGDI+	RGDI+_v1,RGDI_v1,RGDI_v2
TREX1	RGDI,RGDI+	RGDI+_v1,RGDI_v1,RGDI_v2
TRIM32	DYSM,MMG,RGDI	DYSM_v1,MMG_v1,RGDI_v1
TRIM8	RGDI,RGDI+	RGDI+_v1,RGDI_v1,RGDI_v2
TRIO	RGDI,RGDI+	RGDI+_v1,RGDI_v1,RGDI_v2
TRIP12	RGDI,RGDI+	RGDI+_v1,RGDI_v1,RGDI_v2
TRIP4	MMG,MYOC	MMG_v1,MYOC_v1
TRIT1	MITN,RGDI,RGDI+	MITN_v1,RGDI+_v1,RGDI_v1,RGDI_v2
TRMT1	RGDI,RGDI+	RGDI+_v1,RGDI_v1,RGDI_v2
TRMT10A	RGDI,RGDI+	RGDI+_v1,RGDI_v1,RGDI_v2
TRMT10C	MITN	MITN_v1
TRMT5	MITN	MITN_v1
TRMU	MITN	MITN_v1
TRNT1	MITN,RGDI,RGDI+	MITN_v1,RGDI+_v1,RGDI_v2
TRPM3	RGDI,RGDI+	RGDI+_v1,RGDI_v2
TRRAP	RGDI,RGDI+	RGDI+_v1,RGDI_v1,RGDI_v2
TSC1	RGDI,RGDI+	RGDI+_v1,RGDI_v1,RGDI_v2
TSC2	RGDI,RGDI+	RGDI+_v1,RGDI_v1,RGDI_v2
TSEN15	RGDI+	RGDI+_v1
TSEN2	RGDI,RGDI+	RGDI+_v1,RGDI_v1,RGDI_v2
TSEN34	RGDI,RGDI+	RGDI+_v1,RGDI_v1,RGDI_v2
TSEN54	RGDI,RGDI+	RGDI+_v1,RGDI_v1,RGDI_v2
TSFM	MITN,RGDI,RGDI+	MITN_v1,RGDI+_v1,RGDI_v1,RGDI_v2
TSHB	RGDI,RGDI+	RGDI+_v1,RGDI_v1,RGDI_v2
TSPAN7	RGDI,RGDI+	RGDI+_v1,RGDI_v1,RGDI_v2
TTC19	MITN,RGDI,RGDI+	MITN_v1,RGDI+_v1,RGDI_v1,RGDI_v2
TTC37	RGDI,RGDI+	RGDI+_v1,RGDI_v1,RGDI_v2
TTC5	RGDI,RGDI+	RGDI+_v1,RGDI_v2
TTC8	RGDI,RGDI+	RGDI+_v1,RGDI_v1,RGDI_v2
TTI2	RGDI,RGDI+	RGDI+_v1,RGDI_v1,RGDI_v2
TTN	DYSM,MMG,MYOC	DYSM_v1,MMG_v1,MYOC_v1
TUBA1A	RGDI,RGDI+	RGDI+_v1,RGDI_v1,RGDI_v2
TUBB	RGDI,RGDI+	RGDI+_v1,RGDI_v1,RGDI_v2
TUBB2A	RGDI,RGDI+	RGDI+_v1,RGDI_v1,RGDI_v2
TUBB2B	RGDI,RGDI+	RGDI+_v1,RGDI_v1,RGDI_v2
TUBB3	RGDI,RGDI+	RGDI+_v1,RGDI_v1,RGDI_v2
TUBB4A	RGDI,RGDI+	RGDI+_v1,RGDI_v1,RGDI_v2
TUBG1	RGDI,RGDI+	RGDI+_v1,RGDI_v1,RGDI_v2
TUBGCP2	RGDI+	RGDI+_v1
TUBGCP4	RGDI+	RGDI+_v1
TUBGCP6	RGDI,RGDI+	RGDI+_v1,RGDI_v1,RGDI_v2
TUFM	MITN	MITN_v1
TUSC3	RGDI,RGDI+	RGDI+_v1,RGDI_v1,RGDI_v2
TWIST1	RGDI,RGDI+	RGDI+_v1,RGDI_v1,RGDI_v2
TWIST2	RGDI+	RGDI+_v1
TWNK	MITN	MITN_v1
TYMP	MITN	MITN_v1
U2AF2	RGDI+	RGDI+_v1
UBA5	RGDI,RGDI+	RGDI+_v1,RGDI_v1,RGDI_v2
UBE2A	RGDI,RGDI+	RGDI+_v1,RGDI_v1,RGDI_v2
UBE3A	RGDI,RGDI+	RGDI+_v1,RGDI_v1,RGDI_v2
UBE3B	RGDI,RGDI+	RGDI+_v1,RGDI_v1,RGDI_v2
UBE3C	RGDI+	RGDI+_v1
UBE4A	RGDI,RGDI+	RGDI+_v1,RGDI_v2
UBR1	RGDI,RGDI+	RGDI+_v1,RGDI_v1,RGDI_v2
UBR7	RGDI,RGDI+	RGDI+_v1,RGDI_v2
UBTF	RGDI,RGDI+	RGDI+_v1,RGDI_v1,RGDI_v2
UFC1	RGDI+	RGDI+_v1
UFM1	RGDI,RGDI+	RGDI+_v1,RGDI_v1,RGDI_v2
UFSP2	RGDI,RGDI+	RGDI+_v1,RGDI_v2
UGDH	RGDI,RGDI+	RGDI+_v1,RGDI_v2
UGP2	RGDI,RGDI+	RGDI+_v1,RGDI_v2
UMPS	RGDI,RGDI+	RGDI+_v1,RGDI_v1,RGDI_v2
UNC80	RGDI,RGDI+	RGDI+_v1,RGDI_v1,RGDI_v2
UPF1	RGDI+	RGDI+_v1
UPF3B	RGDI,RGDI+	RGDI+_v1,RGDI_v1,RGDI_v2
UQCC2	MITN	MITN_v1
UQCRB	MITN	MITN_v1
UQCRC2	MITN	MITN_v1
UROC1	RGDI,RGDI+	RGDI+_v1,RGDI_v1,RGDI_v2
USP27X	RGDI+	RGDI+_v1
USP7	RGDI,RGDI+	RGDI+_v1,RGDI_v2
USP9X	RGDI,RGDI+	RGDI+_v1,RGDI_v1,RGDI_v2
VAMP1	MMG,MYAC,RGDI	MMG_v1,MYAC_v1,RGDI_v1
VAMP2	RGDI,RGDI+	RGDI+_v1,RGDI_v1,RGDI_v2
VARS1	RGDI,RGDI+	RGDI+_v1,RGDI_v1,RGDI_v2
VARS2	MITN,RGDI,RGDI+	MITN_v1,RGDI+_v1,RGDI_v2
VCP	DYSM,MMG	DYSM_v1,MMG_v1
VIPAS39	RGDI+	RGDI+_v1
VLDLR	RGDI,RGDI+	RGDI+_v1,RGDI_v1,RGDI_v2
VMA21	DYSM,MMG,MYOC	DYSM_v1,MMG_v1,MYOC_v1
VPS11	RGDI,RGDI+	RGDI+_v1,RGDI_v2
VPS13B	RGDI,RGDI+	RGDI+_v1,RGDI_v1,RGDI_v2
VPS33B	RGDI+	RGDI+_v1
VPS35L	RGDI+	RGDI+_v1
VPS41	RGDI,RGDI+	RGDI+_v1,RGDI_v2
VPS4A	RGDI,RGDI+	RGDI+_v1,RGDI_v2
VPS50	RGDI+	RGDI+_v1
VPS51	RGDI+	RGDI+_v1
VPS53	RGDI,RGDI+	RGDI+_v1,RGDI_v1,RGDI_v2
VRK1	RGDI,RGDI+	RGDI+_v1,RGDI_v1,RGDI_v2
WAC	RGDI,RGDI+	RGDI+_v1,RGDI_v1,RGDI_v2
WARS2	MITN,RGDI,RGDI+	MITN_v1,RGDI+_v1,RGDI_v1,RGDI_v2
WASF1	RGDI,RGDI+	RGDI+_v1,RGDI_v1,RGDI_v2
WASHC4	RGDI+	RGDI+_v1
WASHC5	RGDI+	RGDI+_v1
WDFY3	RGDI,RGDI+	RGDI+_v1,RGDI_v2
WDPCP	RGDI,RGDI+	RGDI+_v1,RGDI_v1,RGDI_v2
WDR11	RGDI+	RGDI+_v1
WDR26	RGDI,RGDI+	RGDI+_v1,RGDI_v1,RGDI_v2
WDR37	RGDI,RGDI+	RGDI+_v1,RGDI_v1,RGDI_v2
WDR4	RGDI,RGDI+	RGDI+_v1,RGDI_v2
WDR45	RGDI,RGDI+	RGDI+_v1,RGDI_v1,RGDI_v2
WDR45B	RGDI,RGDI+	RGDI+_v1,RGDI_v1,RGDI_v2
WDR5	RGDI+	RGDI+_v1
WDR62	RGDI,RGDI+	RGDI+_v1,RGDI_v1,RGDI_v2
WDR73	RGDI,RGDI+	RGDI+_v1,RGDI_v1,RGDI_v2
WDR81	RGDI,RGDI+	RGDI+_v1,RGDI_v1,RGDI_v2
WNK3	RGDI+	RGDI+_v1
WNT1	RGDI,RGDI+	RGDI+_v1,RGDI_v2
WWOX	RGDI,RGDI+	RGDI+_v1,RGDI_v1,RGDI_v2
XPA	RGDI+	RGDI+_v1
XRCC4	RGDI,RGDI+	RGDI+_v1,RGDI_v1,RGDI_v2
XYLT1	RGDI,RGDI+	RGDI+_v1,RGDI_v2
YARS1	RGDI+	RGDI+_v1
YARS2	MITN	MITN_v1
YIF1B	RGDI,RGDI+	RGDI+_v1,RGDI_v2
YIPF5	RGDI,RGDI+	RGDI+_v1,RGDI_v2
YWHAG	RGDI,RGDI+	RGDI+_v1,RGDI_v1,RGDI_v2
YY1	RGDI,RGDI+	RGDI+_v1,RGDI_v1,RGDI_v2
ZBTB11	RGDI+	RGDI+_v1
ZBTB18	RGDI,RGDI+	RGDI+_v1,RGDI_v1,RGDI_v2
ZBTB20	RGDI,RGDI+	RGDI+_v1,RGDI_v1,RGDI_v2
ZBTB24	RGDI,RGDI+	RGDI+_v1,RGDI_v1,RGDI_v2
ZBTB7A	RGDI+	RGDI+_v1
ZC3H14	RGDI+	RGDI+_v1
ZC4H2	RGDI,RGDI+	RGDI+_v1,RGDI_v1,RGDI_v2
ZDHHC9	RGDI,RGDI+	RGDI+_v1,RGDI_v1,RGDI_v2
ZEB2	RGDI,RGDI+	RGDI+_v1,RGDI_v1,RGDI_v2
ZFHX4	RGDI,RGDI+	RGDI+_v1,RGDI_v2
ZFYVE26	RGDI,RGDI+	RGDI+_v1,RGDI_v1,RGDI_v2
ZIC1	RGDI,RGDI+	RGDI+_v1,RGDI_v2
ZIC2	RGDI,RGDI+	RGDI+_v1,RGDI_v1,RGDI_v2
ZMIZ1	RGDI,RGDI+	RGDI+_v1,RGDI_v1,RGDI_v2
ZMYM2	RGDI+	RGDI+_v1
ZMYM3	RGDI+	RGDI+_v1
ZMYND11	RGDI,RGDI+	RGDI+_v1,RGDI_v1,RGDI_v2
ZNF142	RGDI,RGDI+	RGDI+_v1,RGDI_v1,RGDI_v2
ZNF148	RGDI+	RGDI+_v1
ZNF292	RGDI+	RGDI+_v1
ZNF335	RGDI,RGDI+	RGDI+_v1,RGDI_v2
ZNF407	RGDI+	RGDI+_v1
ZNF462	RGDI,RGDI+	RGDI+_v1,RGDI_v1,RGDI_v2
ZNF526	RGDI,RGDI+	RGDI+_v1,RGDI_v2
ZNF668	RGDI+	RGDI+_v1
ZNF699	RGDI,RGDI+	RGDI+_v1,RGDI_v2
ZNF711	RGDI,RGDI+	RGDI+_v1,RGDI_v1,RGDI_v2
ZSWIM6	RGDI,RGDI+	RGDI+_v1,RGDI_v1,RGDI_v2
